Customer Id,season,Event ,Skin color ,topwear,bottomwear,footwear,accessories,Unnamed: 8,Unnamed: 9,Unnamed: 10,Unnamed: 11,Unnamed: 12,Unnamed: 13,Unnamed: 14,Unnamed: 15,Unnamed: 16,Unnamed: 17,gender
C001,summer,office,fair,"=HYPERLINK(""https://imagescdn.allensolly.com/img/app/product/9/921827-11579920.jpg?auto=format&w=390"", ""Link"")",https://encrypted-tbn0.gstatic.com/images?q=tbn:ANd9GcQtkm1v8U3WMDTwumKeIVjqjJXhh2yq9UHxa0bcw6wjQkNm0UaG8ZgwtAKri8A896FC60A&usqp=CAU,"=HYPERLINK(""https://m.media-amazon.com/images/I/41t7Xz31JhL._SR290,290_.jpg"", ""Link"")","=HYPERLINK(""https://encrypted-tbn0.gstatic.com/images?q=tbn:ANd9GcTGZKx4RwihCGBTZn1CD_B76Yu2RbwKZKVGjw&s"", ""Link"")",,,,,,,,,,,female
C002,summer,office,fair,"=HYPERLINK(""https://encrypted-tbn0.gstatic.com/shopping?q=tbn:ANd9GcSxfOZppAsR0t7fF3o8y2prv3Xla1O8Tm0z-dyV8TljyRdPwqlPBtMJJjEqMHk6kgMe25m7i_Gn_mnnB7nAJIg8GWiz1NYC0YZuH6tth7S4"", ""Link"")",https://m.media-amazon.com/images/I/71kaQW7bp1L._UY1100_.jpg,"=HYPERLINK(""https://encrypted-tbn0.gstatic.com/shopping?q=tbn:ANd9GcQa7vw7vqWacW0TwsNvf67Too185tYYKT7quRP5KiUcr2ECgni4TOkdAuDIPklLX-1yllTYplfduuu3UY9FOWoI8HLO5986Z9qIZXdpYEqptfri9OKx6IgjmA"", ""Link"")","=HYPERLINK(""https://encrypted-tbn0.gstatic.com/images?q=tbn:ANd9GcTqL4S05ToLymx19Y9JlyFWiiR7gIlCLzM5gg&s"", ""Link"")",,,,,,,,,,,female
C003,summer,office,fair,"=HYPERLINK(""https://encrypted-tbn2.gstatic.com/shopping?q=tbn:ANd9GcQFND9mZ3WVI8PCPbnBYir9h9arhKs4eMkUS18Lhv_r4_hY0ZOuawEngInCgf0xxeVHaw9G1Ng7EVIFDRmuJjeri5Or7oIAmJKfEFSwjn9Tn9Cr58SAAOEZ-g"", ""Link"")",https://pictures.kartmax.in/cover/live/600x800/quality=6/sites/w0ACRcy407Pb14QWUoSQ/product-images/BHDI25020-GREY%20TONE_1.jpg,"=HYPERLINK(""https://encrypted-tbn0.gstatic.com/shopping?q=tbn:ANd9GcQa7vw7vqWacW0TwsNvf67Too185tYYKT7quRP5KiUcr2ECgni4TOkdAuDIPklLX-1yllTYplfduuu3UY9FOWoI8HLO5986Z9qIZXdpYEqptfri9OKx6IgjmA"", ""Link"")","=HYPERLINK(""https://encrypted-tbn0.gstatic.com/images?q=tbn:ANd9GcTE0CY8R-96-WF1MASsgit30OyZ-j9M_AtQ3A&s"", ""Link"")",,,,,,,,,,,male
C004,summer,office,fair,"=HYPERLINK(""https://tiimg.tistatic.com/fp/2/007/470/women-s-crepe-plain-office-wear-slim-fit-formal-shirt-for-ladies-992.jpg"", ""Link"")",https://imagescdn.allensolly.com/img/app/product/3/39826542-16609598.jpg?auto=format&w=390,"=HYPERLINK(""https://images.meesho.com/images/products/426726430/wp2w1_512.webp?width=512"", ""Link"")","=HYPERLINK(""https://encrypted-tbn0.gstatic.com/images?q=tbn:ANd9GcTXi-J06oUIMzTw21V4Rg-NwzLVDemIAEEliA&s"", ""Link"")",,,,,,,,,,,female
C005,summer,office,fair,"=HYPERLINK(""https://tiimg.tistatic.com/fp/1/007/676/plain-blue-cotton-full-sleeve-collar-type-simple-stylish-look-formal-shirts-for-men-765.jpg"", ""Link"")",https://assets.ajio.com/medias/sys_master/root/h2d/h42/13583096774686/-473Wx593H-460439141-grey-MODEL.jpg,"=HYPERLINK(""https://cpimg.tistatic.com/06504400/b/4/Mens-Formal-Office-Shoes.jpg"", ""Link"")","=HYPERLINK(""https://static.vecteezy.com/system/resources/thumbnails/000/623/045/small/13-04.jpg"", ""Link"")",,,,,,,,,,,male
C006,summer,office,fair,"=HYPERLINK(""https://encrypted-tbn0.gstatic.com/images?q=tbn:ANd9GcQE6G2sadpIoate6l3inEECJmxjylErx3rLPpV69LTSWeR02PCur13-2-IJrYvPupETiJw&usqp=CAU"", ""Link"")","https://www.jiomart.com/images/product/original/rvsmmpge4h/jeenay-synthetic-formal-pants-for-men-mens-fashion-wrinkle-free-stylish-slim-fit-men-s-wear-trouser-pant-for-office-or-party-40-us-sky-blue-product-images-rvsmmpge4h-2-202308130048.jpg?im=Resize=(1000,1000)","=HYPERLINK(""https://rukminim2.flixcart.com/image/704/844/xif0q/shoe/w/e/7/7-lx-1007-zixer-tan-original-imagymwyzu4qam6z.jpeg?q=90&crop=false"", ""Link"")","=HYPERLINK(""https://f.nooncdn.com/p/pzsku/Z0518090E0EB4D5C0DF42Z/45/1750938887/87b14303-3fc2-4344-a9c1-eddc55edf491.jpg?format=webp&width=400"", ""Link"")",,,,,,,,,,,male
C007,summer,office,medium,"=HYPERLINK(""https://www.seasonbazaar.com/wp-content/uploads/2019/08/2019-brand-casual-plaid-luxury-plus-size-long-sleeve-slim-fit-men-shirt-spring-social-dress-2.jpg"", ""Link"")",https://m.media-amazon.com/images/I/71mo+7df8gS._UY350_.jpg,"=HYPERLINK(""https://funkytradition.com/cdn/shop/files/5_Merkmak-Men-Shoes-2019-New-Arrival-Dress-Shoes-High-Quality-Business-Leather-Lace-up-Footwear-Formal.jpg?v=1723517830"", ""Link"")","=HYPERLINK(""https://5.imimg.com/data5/YO/XG/MY-32643582/black-tie.jpg"", ""Link"")",,,,,,,,,,,male
C008,summer,office,medium,"=HYPERLINK(""https://imagescdn.allensolly.com/img/app/product/9/921827-11579920.jpg?auto=format&w=390"", ""Link"")",https://encrypted-tbn0.gstatic.com/images?q=tbn:ANd9GcQtkm1v8U3WMDTwumKeIVjqjJXhh2yq9UHxa0bcw6wjQkNm0UaG8ZgwtAKri8A896FC60A&usqp=CAU,"=HYPERLINK(""https://m.media-amazon.com/images/I/41t7Xz31JhL._SR290,290_.jpg"", ""Link"")","=HYPERLINK(""https://5.imimg.com/data5/ANDROID/Default/2022/10/IN/ER/TD/19051907/product-jpeg-500x500.jpg"", ""Link"")",,,,,,,,,,,female
C009,summer,office,medium,"=HYPERLINK(""https://encrypted-tbn0.gstatic.com/images?q=tbn:ANd9GcS3LIlatSxp-RgqX8N36OI2rGxdQlhuuSmkdA&s"", ""Link"")",https://pictures.kartmax.in/cover/live/600x800/quality=6/cdn/placeholder-opacity.png,"=HYPERLINK(""https://funkytradition.com/cdn/shop/files/5_Merkmak-Men-Shoes-2019-New-Arrival-Dress-Shoes-High-Quality-Business-Leather-Lace-up-Footwear-Formal.jpg?v=1723517830"", ""Link"")","=HYPERLINK(""https://m.media-amazon.com/images/I/71WAr6TSVKL.jpg"", ""Link"")",,,,,,,,,,,male
C010,summer,office,medium,"=HYPERLINK(""https://assets.myntassets.com/dpr_1.5,q_30,w_400,c_limit,fl_progressive/assets/images/2025/MAY/6/am1QVmjL_6d740d342ae54edfb041369f4f4b7033.jpg"", ""Link"")","https://www.jiomart.com/images/product/original/rvafdemqlz/jeenay-synthetic-formal-pants-for-men-mens-fashion-wrinkle-free-stylish-slim-fit-men-s-wear-trouser-pant-for-office-or-party-28-us-olive-green-product-images-rvafdemqlz-2-202308130040.jpg?im=Resize=(500,630)","=HYPERLINK(""https://images.meesho.com/images/products/484913663/wccdm_512.webp?width=512"", ""Link"")","=HYPERLINK(""https://encrypted-tbn0.gstatic.com/images?q=tbn:ANd9GcQX1M_bkIiiqF4Pv3nTZh9q9V58JINCydtlgg&s"", ""Link"")",,,,,,,,,,,male
C011,summer,office,medium,"=HYPERLINK(""https://images.meesho.com/images/products/509228038/hhorz_512.webp?width=512"", ""Link"")","https://assets.myntassets.com/dpr_1.5,q_60,w_400,c_limit,fl_progressive/assets/images/33270230/2025/4/4/e00d5264-b6fa-4c98-a229-642785a729731743751144412-Women-High-Rise-Wrinkle-Free-Plain-Formal-Trousers-849174375-1.jpg","=HYPERLINK(""https://kxadmin.metroshoes.com/product/31-4805/550/31-4805H11.jpg"", ""Link"")","=HYPERLINK(""https://shop.timexindia.com/cdn/shop/files/xCeramic-coll-3feb22.jpg.pagespeed.ic.vPGupzLQZ8_420x.webp?v=1691053482"", ""Link"")",,,,,,,,,,,female
C012,summer,office,medium,"=HYPERLINK(""https://imagescdn.vanheusenindia.com/img/app/product/7/734759-14135904.jpg?auto=format&w=390"", ""Link"")",https://imagescdn.allensolly.com/img/app/product/3/39735860-16792818.jpg,"=HYPERLINK(""https://boocart.in/wp-content/uploads/2024/12/IMG_8208.jpg"", ""Link"")","=HYPERLINK(""https://assets.myntassets.com/dpr_1.5,q_30,w_400,c_limit,fl_progressive/assets/images/29228356/2024/4/30/e102a2ad-4af9-44d1-aab3-e1561a9afb621714477623899TimexWomenBrassDialBraceletStyleStrapsAnalogueWatchTWEL128261.jpg"", ""Link"")",,,,,,,,,,,female
C010,summer,office,dark,"=HYPERLINK(""https://imagescdn.allensolly.com/img/app/product/9/921827-11579920.jpg?auto=format&w=390"", ""Link"")",https://encrypted-tbn0.gstatic.com/images?q=tbn:ANd9GcQtkm1v8U3WMDTwumKeIVjqjJXhh2yq9UHxa0bcw6wjQkNm0UaG8ZgwtAKri8A896FC60A&usqp=CAU,"=HYPERLINK(""https://m.media-amazon.com/images/I/41t7Xz31JhL._SR290,290_.jpg"", ""Link"")","=HYPERLINK(""https://encrypted-tbn0.gstatic.com/images?q=tbn:ANd9GcRVS1lD_0zcAWVMbJ11p-9OGDgN72JtFrUWzw&s"", ""Link"")",,,,,,,,,,,female
C011,summer,office,dark,"=HYPERLINK(""https://m.media-amazon.com/images/I/81dU3Jb5MRL._UY1100_.jpg"", ""Link"")",https://encrypted-tbn0.gstatic.com/images?q=tbn:ANd9GcQtkm1v8U3WMDTwumKeIVjqjJXhh2yq9UHxa0bcw6wjQkNm0UaG8ZgwtAKri8A896FC60A&usqp=CAU,"=HYPERLINK(""https://m.media-amazon.com/images/I/41t7Xz31JhL._SR290,290_.jpg"", ""Link"")","=HYPERLINK(""https://encrypted-tbn0.gstatic.com/images?q=tbn:ANd9GcQCstigCSR4EQ2Qp7L-vvoto90JOIpx9SLN3w&s"", ""Link"")",,,,,,,,,,,female
C012,summer,office,dark,"=HYPERLINK(""https://encrypted-tbn0.gstatic.com/shopping?q=tbn:ANd9GcSxfOZppAsR0t7fF3o8y2prv3Xla1O8Tm0z-dyV8TljyRdPwqlPBtMJJjEqMHk6kgMe25m7i_Gn_mnnB7nAJIg8GWiz1NYC0YZuH6tth7S4"", ""Link"")",https://encrypted-tbn0.gstatic.com/images?q=tbn:ANd9GcTI6Oy_ELqERMHs9vsVNbp8EdYizujmNL5V6Q&s,"=HYPERLINK(""https://encrypted-tbn0.gstatic.com/shopping?q=tbn:ANd9GcQa7vw7vqWacW0TwsNvf67Too185tYYKT7quRP5KiUcr2ECgni4TOkdAuDIPklLX-1yllTYplfduuu3UY9FOWoI8HLO5986Z9qIZXdpYEqptfri9OKx6IgjmA"", ""Link"")","=HYPERLINK(""https://images.meesho.com/images/products/425971520/eqatu_512.webp?width=512"", ""Link"")",,,,,,,,,,,female
C013,summer,office,dark,"=HYPERLINK(""https://encrypted-tbn0.gstatic.com/images?q=tbn:ANd9GcRhSuw8ThNFc8QqV_yk22WNJyZFjlH8wakGnw&s"", ""Link"")",https://encrypted-tbn0.gstatic.com/images?q=tbn:ANd9GcQIy8dhDOHbG8VK-zrvc0A1lWeY1Cao2CniBQ&s,"=HYPERLINK(""https://encrypted-tbn0.gstatic.com/images?q=tbn:ANd9GcTN7YdIYa-H9O1RvR9e-cB-BJMkPu54cEhRDw&s"", ""Link"")","=HYPERLINK(""https://assets.myntassets.com/dpr_1.5,q_30,w_400,c_limit,fl_progressive/assets/images/27252298/2024/1/31/0a4ef1a2-3118-4937-9da4-3d2fbffc9cf81706642643840KAEZRIMenSkinnyTie1.jpg"", ""Link"")",,,,,,,,,,,male
C014,summer,office,dark,"=HYPERLINK(""https://theindianthreads.com/cdn/shop/products/4054-GREY-8.jpg?v=1650313002&width=750"", ""Link"")",https://pantproject.com/cdn/shop/files/DSC1113_800x.jpg?v=1743609636,"=HYPERLINK(""https://encrypted-tbn0.gstatic.com/images?q=tbn:ANd9GcSUdHbh5s7y5tYIUwe5LEBOcd1mvrcI_SGjeg&s"", ""Link"")","=HYPERLINK(""https://encrypted-tbn0.gstatic.com/images?q=tbn:ANd9GcQxz8GMYN4-nApJQyaCHl2SEmeACGsY2c8HZw&s"", ""Link"")",,,,,,,,,,,male
C015,summer,office,dark,"=HYPERLINK(""https://www.hirawatsonline.com/cdn/shop/products/Shirts-3-1.jpg?v=1700632060"", ""Link"")",https://images.meesho.com/images/products/142481028/0hhnj_512.webp?width=512,"=HYPERLINK(""https://encrypted-tbn0.gstatic.com/images?q=tbn:ANd9GcSUdHbh5s7y5tYIUwe5LEBOcd1mvrcI_SGjeg&s"", ""Link"")","=HYPERLINK(""https://www.shutterstock.com/image-photo/classic-elegant-blue-tie-isolated-260nw-2515931725.jpg"", ""Link"")",,,,,,,,,,,male
C013,summer,marriage,fair,"=HYPERLINK(""https://cdn.shopify.com/s/files/1/0341/4805/7228/files/Blog-CTA_ff3b9376-1b6c-4aba-8f5d-d073d158431f.jpg?v=1682407247"", ""Link"")",https://i.pinimg.com/736x/aa/cc/64/aacc643b0b10b53205239540eb81d11b.jpg,"=HYPERLINK(""https://kxadmin.metroshoes.com/product/35-791/550/35-791H15.jpg"", ""Link"")","=HYPERLINK(""https://encrypted-tbn0.gstatic.com/images?q=tbn:ANd9GcSr0uuhS3QdMAm8Z1SG57sFMf6170BhBPOzCP5vUjR04VkhH71bLfbJWosBOAO4PNhPObc&usqp=CAU"", ""Link"")",,,,,,,,,,,female
C014,summer,marriage,fair,"=HYPERLINK(""https://media-api.xogrp.com/images/85fd8001-a934-451a-b22e-40eeaceca121~rs_768.h-cr_35.0.1577.2056"", ""Link"")",https://encrypted-tbn0.gstatic.com/images?q=tbn:ANd9GcTGNvg-4ZJH-XTi9FZs1-6FchoKSimq_XxZZ2NmxnhIV-iK-MzSJoGr7iBjqpGmbs2wH5c&usqp=CAU,"=HYPERLINK(""https://kxadmin.metroshoes.com/product/18-1512/550/18-1512H23.jpg"", ""Link"")","=HYPERLINK(""https://cdn4.ethoswatches.com/the-watch-guide/wp-content/uploads/2020/10/IWC-Portofino-Automatic-1.jpg?tr=q-70"", ""Link"")",,,,,,,,,,,male
C015,summer,marriage,fair,"=HYPERLINK(""https://encrypted-tbn0.gstatic.com/images?q=tbn:ANd9GcS3KIIBMZMSBtJ7YY0KSu52udukpYY_sqKwNW7VnF0eybezbf4zbyJHUawDvc0YKsBwtBs&usqp=CAU"", ""Link"")",https://modarta.in/cdn/shop/files/1A7A0088-1_1500x.jpg?v=1722897021,"=HYPERLINK(""https://i.pinimg.com/474x/f2/27/2a/f2272a3d1811914968a128f4280f37d4.jpg"", ""Link"")","=HYPERLINK(""https://www.sonatawatches.in/dw/image/v2/BKDD_PRD/on/demandware.static/-/Sites-titan-master-catalog/default/dwff120abe/images/Sonata/Catalog/8063YM03_2.jpg?sw=800&sh=800"", ""Link"")",,,,,,,,,,,female
C016,summer,marriage,fair,"=HYPERLINK(""https://blog.g3fashion.com/wp-content/uploads/2021/03/3.jpg"", ""Link"")",https://encrypted-tbn0.gstatic.com/images?q=tbn:ANd9GcRYRNtNoHtBhb8vQswJH5TVlWvkKD1XBcB94A&s,"=HYPERLINK(""https://admin.mochishoes.com/product/35-1420/660/35-1420LA15.jpg"", ""Link"")","=HYPERLINK(""https://rukminim2.flixcart.com/image/704/844/jy90eq80/watch/c/b/a/958-devani-trading-original-imafgj5edhednubm.jpeg?q=20&crop=false"", ""Link"")",,,,,,,,,,,female
C017,summer,marriage,fair,"=HYPERLINK(""https://encrypted-tbn0.gstatic.com/images?q=tbn:ANd9GcTpTeE-qNVOsKFXzSKeePY9BbXASfqdw-7u9A&s"", ""Link"")",https://pantproject.com/cdn/shop/files/green-summer-pants.jpg?v=1747471777,"=HYPERLINK(""https://www.escaro.in/cdn/shop/files/IMG_9171.jpg?v=1753549662&width=1600"", ""Link"")","=HYPERLINK(""https://assets.myntassets.com/dpr_1.5,q_30,w_400,c_limit,fl_progressive/assets/images/21769626/2023/1/31/7da9b04d-f098-4c60-86ad-dceb09fa9ad91675145377655Watches1.jpg"", ""Link"")",,,,,,,,,,,male
C018,summer,marriage,fair,"=HYPERLINK(""https://m.media-amazon.com/images/I/31mWsCcOlrL._SY1000_.jpg"", ""Link"")",https://m.media-amazon.com/images/I/818B0aP0TOL._UY1100_.jpg,"=HYPERLINK(""https://i.pinimg.com/736x/03/1c/0d/031c0d38420ff8760d8b718bed8af257.jpg"", ""Link"")","=HYPERLINK(""https://www.sonatawatches.in/dw/image/v2/BKDD_PRD/on/demandware.static/-/Sites-titan-master-catalog/default/dwee7ae4e1/images/Sonata/Catalog/77158YM01_1.jpg?sw=360&sh=360"", ""Link"")",,,,,,,,,,,male
C016,summer,marriage,medium,"=HYPERLINK(""https://i.pinimg.com/236x/63/31/12/633112c3834de33a5b5d78c1533a9c08.jpg"", ""Link"")",https://encrypted-tbn0.gstatic.com/images?q=tbn:ANd9GcRBYJf9dDoZT7QG_74Uf39EfTC71D7gV-jAwReft3paua-S5LPErPe9TFmhMr_kJekFMec&usqp=CAU,"=HYPERLINK(""https://cdn.shopify.com/s/files/1/0521/9693/3824/t/4/assets/cad66e205e6d--Ceremony-720x720-d3f896_800x.progressive.jpg?v=1706872755"", ""Link"")","=HYPERLINK(""https://encrypted-tbn0.gstatic.com/images?q=tbn:ANd9GcRJwDT5MIV5Knpq3MwLxWeNCeUNV7j2PLEC9BP1gr0FRWNK0GbpdKLr0YAYzRZIPUKNIM4&usqp=CAU"", ""Link"")",,,,,,,,,,,male
C017,summer,marriage,medium,"=HYPERLINK(""https://i.pinimg.com/736x/2d/c1/f6/2dc1f6fe8be4e11fb3622fdb65547e9b.jpg"", ""Link"")",https://encrypted-tbn0.gstatic.com/images?q=tbn:ANd9GcRN9Oi9KN0N7lO_SprIXHk-OMgf8sg9jH8zyQ&s,"=HYPERLINK(""https://assets0.mirraw.com/images/6873348/2906_long_webp.webp?1709165724"", ""Link"")","=HYPERLINK(""https://rukminim2.flixcart.com/image/704/844/xif0q/watch/f/h/7/-original-imagqfwbd4sx7tuc.jpeg?q=90&crop=false"", ""Link"")",,,,,,,,,,,female
C018,summer,marriage,medium,"=HYPERLINK(""https://encrypted-tbn0.gstatic.com/images?q=tbn:ANd9GcRuYkPoNud1jn0MpGXbpfXiTs7ftWOe9vw-og&s"", ""Link"")",https://encrypted-tbn0.gstatic.com/images?q=tbn:ANd9GcRS2TGFCdsanGP9cQpZ9NqnaMjIDZZYlqGB4MRygjF-q5LYRWrR30-9NftYyv6CzkC7c_Y&usqp=CAU,"=HYPERLINK(""https://encrypted-tbn0.gstatic.com/images?q=tbn:ANd9GcQOBoQ0ez2VkCkE0Eeperx6PDLwtliaQpexqX2zoSvMs9U14lvLdElKx2NiTKqKZy3lSCw&usqp=CAU"", ""Link"")","=HYPERLINK(""https://encrypted-tbn0.gstatic.com/images?q=tbn:ANd9GcReTcqnsz1OVBQG_jhZH5vrrXp9neUkuTW1dg&s"", ""Link"")",,,,,,,,,,,male
C019,summer,marriage,medium,"=HYPERLINK(""https://i.pinimg.com/originals/8b/66/ee/8b66eef0b90ee0d6fdccf3ac0848e2a6.jpg"", ""Link"")","https://m.media-amazon.com/images/I/41QdCyoxfeL._AC_SR175,263_QL70_.jpg","=HYPERLINK(""https://assets.myntassets.com/f_auto,q_auto:eco,dpr_1.3,w_158,c_limit,fl_progressive/v1/assets/images/25768392/2023/11/4/9a2a4f34-7b24-43b4-9e40-0cdda925b5c61699113169000FormalShoes1.jpg"", ""Link"")","=HYPERLINK(""https://cdn0.hitched.co.uk/article/9268/original/1280/jpg/148629-1-tissot-r03745342-blue-m-copy.jpeg"", ""Link"")",,,,,,,,,,,male
C020,summer,marriage,medium,"=HYPERLINK(""https://i.pinimg.com/200x/80/5f/43/805f4359490d6eb85a15886313147620.jpg"", ""Link"")",https://m.media-amazon.com/images/I/71kfHnvvnNL._UY900_.jpg,"=HYPERLINK(""https://encrypted-tbn0.gstatic.com/images?q=tbn:ANd9GcSNogP0HsDi047xGy9y-jraaQ-AwjIr0a2JOw&s"", ""Link"")","=HYPERLINK(""https://encrypted-tbn0.gstatic.com/images?q=tbn:ANd9GcS0MIt_i83moWwbAHbrMKtlMOyHNVxILcj-hg&s"", ""Link"")",,,,,,,,,,,female
C021,summer,marriage,medium,"=HYPERLINK(""https://encrypted-tbn0.gstatic.com/images?q=tbn:ANd9GcRySSCPdHxOg7MtPtK5PxZhD2GO2O7MmG_psw&s"", ""Link"")",https://m.media-amazon.com/images/I/71e22wf3eRL._UY900_.jpg,"=HYPERLINK(""https://i.pinimg.com/736x/d5/0c/b5/d50cb55f1a1b2f7e2138edec420b95fc.jpg"", ""Link"")","=HYPERLINK(""https://m.media-amazon.com/images/I/71UNiT+Zp8L._UY1000_.jpg"", ""Link"")",,,,,,,,,,,female
C016,summer,marriage,dark,"=HYPERLINK(""https://encrypted-tbn0.gstatic.com/images?q=tbn:ANd9GcRWV2vTVursdZI_hwaMZsQthpvrV_cS-yIe8A&s"", ""Link"")",https://m.media-amazon.com/images/I/71+WcwmYe4L._UY1000_.jpg,"=HYPERLINK(""https://assets.myntassets.com/dpr_1.5,q_60,w_400,c_limit,fl_progressive/assets/images/24846002/2023/9/7/b8c882ff-776f-4f2c-ba8e-2f7379b1f4a21694076685265AnoukBeigePrintedEthnicBlockMules1.jpg"", ""Link"")","=HYPERLINK(""https://cdn4.ethoswatches.com/the-watch-guide/wp-content/uploads/2020/10/carl-f-bucherer-pathos-diva-2.jpg"", ""Link"")",,,,,,,,,,,female
C017,summer,marriage,dark,"=HYPERLINK(""https://encrypted-tbn0.gstatic.com/images?q=tbn:ANd9GcRijEQEG9qi74KnDbN791pHUUNDOSPylGjR9w&s"", ""Link"")",https://encrypted-tbn0.gstatic.com/images?q=tbn:ANd9GcSM12o33ndo_kT72432f8EF4I1sflXk7aWdxg&s,"=HYPERLINK(""https://encrypted-tbn0.gstatic.com/images?q=tbn:ANd9GcQ6K29Crp5TGxdDLINIzx7LMKrJnWZ0GWMfpQ&s"", ""Link"")","=HYPERLINK(""https://www.sonatawatches.in/dw/image/v2/BKDD_PRD/on/demandware.static/-/Sites-titan-master-catalog/default/dwdd7dd3ec/images/Sonata/Catalog/77157BM01_1.jpg?sw=360&sh=360"", ""Link"")",,,,,,,,,,,male
C018,summer,marriage,dark,"=HYPERLINK(""https://i.pinimg.com/236x/ea/3f/1e/ea3f1ea784f0fceec647411e6fbad669.jpg"", ""Link"")",https://5.imimg.com/data5/SELLER/Default/2022/6/PN/MW/KN/155238252/ladies-wedding-bridal-hand-bag-500x500.jpg,"=HYPERLINK(""https://www.aroundalways.com/cdn/shop/files/DSC_0561_1.jpg?v=1748329451&width=4000"", ""Link"")","=HYPERLINK(""https://assets.myntassets.com/dpr_1.5,q_60,w_400,c_limit,fl_progressive/assets/images/2025/FEBRUARY/18/1B28iuya_bd0d4b3076c3431ebe520787fed496f4.jpg"", ""Link"")",,,,,,,,,,,female
C019,summer,marriage,dark,"=HYPERLINK(""https://cdn.shopify.com/s/files/1/0341/4805/7228/files/Blog-CTA2_67c5596b-0d6a-4d67-a390-4f98f8adfb95.jpg?v=1682407247"", ""Link"")",https://i.pinimg.com/736x/aa/cc/64/aacc643b0b10b53205239540eb81d11b.jpg,"=HYPERLINK(""https://kxadmin.metroshoes.com/product/35-4988-52-36/1200/35-4988ST52.jpg"", ""Link"")","=HYPERLINK(""https://cdn.shopify.com/s/files/1/0485/4716/8421/files/STGK019_sp.jpg?v=1710483564"", ""Link"")",,,,,,,,,,,female
C020,summer,marriage,dark,"=HYPERLINK(""https://i.pinimg.com/736x/e3/e0/32/e3e032a5558f62561d461ac66c0b44c0.jpg"", ""Link"")",https://cdn.shopify.com/s/files/1/2121/1571/products/P227_NATURAL_3Q.jpg?width=354&v=1571309026,"=HYPERLINK(""https://images.meesho.com/images/products/444334516/a0bcd_512.webp?width=512"", ""Link"")","=HYPERLINK(""https://www.titan.co.in/dw/image/v2/BKDD_PRD/on/demandware.static/-/Sites-titan-master-catalog/default/dw091a9211/images/Titan/Catalog/1639SM01_1.jpg?sw=360&sh=360"", ""Link"")",,,,,,,,,,,male
C021,summer,marriage,dark,"=HYPERLINK(""https://i.pinimg.com/originals/51/da/37/51da37d747a74f5e621f96708962b9bf.jpg"", ""Link"")",https://cdn.shopify.com/s/files/1/2121/1571/files/TenthStreet1000x1000HQ-198.jpg?width=354&v=1698880000,"=HYPERLINK(""https://image.made-in-china.com/155f0j00PmFWKYtJEUqL/Casual-Men-s-Wedding-Dress-Fashion-Trend-Dress-Business-Summer-Breathable-Leather-Shoes.webp"", ""Link"")","=HYPERLINK(""https://www.sonatawatches.in/dw/image/v2/BKDD_PRD/on/demandware.static/-/Sites-titan-master-catalog/default/dwee7ae4e1/images/Sonata/Catalog/77158YM01_1.jpg?sw=360&sh=360"", ""Link"")",,,,,,,,,,,male
C019,summer,trip,dark,"=HYPERLINK(""https://img.joomcdn.net/e1ad10759284a6c48fe7fd93b07950d3ed5266d7_original.jpeg"", ""Link"")","https://hips.hearstapps.com/vader-prod.s3.amazonaws.com/1747169590-mhl-summer-pant-everlane-685-1-6823b10bf2953.jpg?crop=0.473xw:0.946xh;0.279xw,0&resize=980:*","=HYPERLINK(""https://baccabucci.com/cdn/shop/products/MG_5244.jpg?v=1747216761&width=1200"", ""Link"")","=HYPERLINK(""https://encrypted-tbn0.gstatic.com/images?q=tbn:ANd9GcRlPYd1qEMzLDX4Z8snbpIoOu9Dw6GNYFX4aQ&s"", ""Link"")",,,,,,,,,,,male
C020,summer,trip,dark,"=HYPERLINK(""https://m.media-amazon.com/images/I/710-PoMMODL._UY1100_.jpg"", ""Link"")",https://m.media-amazon.com/images/I/7163fUlS7QL._UY1100_.jpg,"=HYPERLINK(""https://kxadmin.metroshoes.com/product/40-71-26-36/1200/40-71SS26.jpg"", ""Link"")","=HYPERLINK(""https://assets.myntassets.com/dpr_1.5,q_30,w_400,c_limit,fl_progressive/assets/images/2025/JULY/24/UkXZQnrH_c9b66a38776b40908e9f482c9206eafc.jpg"", ""Link"")",,,,,,,,,,,female
C021,summer,trip,dark,"=HYPERLINK(""https://assets.myntassets.com/dpr_1.5,q_30,w_400,c_limit,fl_progressive/assets/images/2025/FEBRUARY/21/uUCRxL0n_26570f658df0491387c5cf77f70900c9.jpg"", ""Link"")",https://m.media-amazon.com/images/I/61sBWu4j4hL.jpg,"=HYPERLINK(""https://img.joomcdn.net/1c6ae847430162c5bca792fee9df08c84dde036e_original.jpeg"", ""Link"")","=HYPERLINK(""https://images.meesho.com/images/products/59346027/ynbhk_512.webp?width=512"", ""Link"")",,,,,,,,,,,male
C022,summer,trip,dark,"=HYPERLINK(""https://storage.googleapis.com/swag-swami-media/2021/09/45ef9be8-its-vacation-time-men-t-shirt-black-front.jpg"", ""Link"")",https://encrypted-tbn0.gstatic.com/images?q=tbn:ANd9GcQ-ljs7qGW22hmqyKWmWU7boua49ae7FzyI7w&s,"=HYPERLINK(""https://images.meesho.com/images/products/481033512/telhr_512.webp?width=512"", ""Link"")","=HYPERLINK(""https://www.thepackablelife.com/wp-content/uploads/2023/03/coolibar-kaden-crushable-sun-cap.jpg"", ""Link"")",,,,,,,,,,,male
C023,summer,trip,dark,"=HYPERLINK(""https://anrobee.com/cdn/shop/files/sapphire-grace-maxi-dress-for-women-front-view.webp?v=1752059390"", ""Link"")",https://images.meesho.com/images/products/498849137/jpr53_512.webp?width=512,"=HYPERLINK(""https://m.media-amazon.com/images/I/51HVQGEb5rS._UF894,1000_QL80_.jpg"", ""Link"")","=HYPERLINK(""https://m.media-amazon.com/images/I/61NXdF5LrHL.jpg"", ""Link"")",,,,,,,,,,,female
C024,summer,trip,dark,"=HYPERLINK(""https://www.ethnicrang.in/wp-content/uploads/2024/06/WhatsApp-Image-2024-06-21-at-5.22.10-PM-570x713.jpeg"", ""Link"")",https://encrypted-tbn0.gstatic.com/images?q=tbn:ANd9GcRZY7PoF533wlef7Gr3ucqE1ASLKcQ3pnWzDQ&s,"=HYPERLINK(""https://m.media-amazon.com/images/I/71BpiWXYcxS.jpg"", ""Link"")","=HYPERLINK(""https://encrypted-tbn0.gstatic.com/images?q=tbn:ANd9GcRMOOsGsD5kqTPs7D3UsjHcT8E4INc0P8vsX5r7yMIBDLww-4JKv5gwE-Qgv-qZjqFu0Q4&usqp=CAU"", ""Link"")",,,,,,,,,,,female
C022,summer,trip,medium,"=HYPERLINK(""https://m.media-amazon.com/images/I/616+NTyMlIL._UY1100_.jpg"", ""Link"")",https://m.media-amazon.com/images/I/61NXdF5LrHL.jpg,"=HYPERLINK(""https://kxadmin.metroshoes.com/product/40-138-80-36/1200/40-138H80.jpg"", ""Link"")","=HYPERLINK(""https://encrypted-tbn0.gstatic.com/images?q=tbn:ANd9GcSOG2y71L4n5PD7EhOd-YNPrjPEQPilbGjZ2aeVk8paqizHhqNafKb8Yu5VyMteQEaIOkk&usqp=CAU"", ""Link"")",,,,,,,,,,,female
C023,summer,trip,medium,"=HYPERLINK(""https://uspoloassn.in/cdn/shop/files/1_f152238f-4366-422c-a4e9-7aae35181d96_1024x.jpg?v=1743586507"", ""Link"")",https://images-cdn.ubuy.co.in/63400000213b97496f6a20ef-iyyvv-mens-cotton-shorts-pants-print.jpg,"=HYPERLINK(""https://m.media-amazon.com/images/I/313dcNbVz0L._UY1000_.jpg"", ""Link"")","=HYPERLINK(""https://5.imimg.com/data5/WR/BX/MY-45917910/mens-aviator-white-glasses-500x500.jpg"", ""Link"")",,,,,,,,,,,male
C024,summer,trip,medium,"=HYPERLINK(""https://encrypted-tbn0.gstatic.com/images?q=tbn:ANd9GcSsOm6ihG7x84GMizYIWI2Y9kU2GZt5UypiniXjDbhMeQx9tJu8yNtmnGyyA5wh5VcGS_0&usqp=CAU"", ""Link"")",https://images.meesho.com/images/products/495161090/a3szg_512.webp?width=512,"=HYPERLINK(""https://kxadmin.metroshoes.com/product/40-157-80-37/1200/40-157RF80.jpg"", ""Link"")","=HYPERLINK(""https://www.occhialando.eu/image/cache/data/luxottica_21/ray-ban-rb-3757-kai-0042v-gunmetal-8056262453957-800x800.jpg"", ""Link"")",,,,,,,,,,,female
C025,summer,trip,medium,"=HYPERLINK(""https://anrobee.com/cdn/shop/files/sapphire-grace-maxi-dress-for-women-front-view.webp?v=1752059390"", ""Link"")",https://m.media-amazon.com/images/I/91eaXdaeMfL._UY1100_.jpg,"=HYPERLINK(""https://encrypted-tbn0.gstatic.com/images?q=tbn:ANd9GcRu-jVWf-l-U7W4RincFxJqLK29T1Zk6eSR6Q&s"", ""Link"")","=HYPERLINK(""https://t4.ftcdn.net/jpg/13/89/26/87/360_F_1389268723_Ky5DFhRt4nA6zOptnA7rYC8LnvZ1AKSR.jpg"", ""Link"")",,,,,,,,,,,female
C026,summer,trip,medium,"=HYPERLINK(""https://gogirgit.com/cdn/shop/products/unisex-men-printed-graphic-golden-yellow-cotton-tshirt-summer-design-gogirgit_1800x.jpg?v=1662573030"", ""Link"")",https://5.imimg.com/data5/SELLER/Default/2024/6/430871122/JL/ED/PH/224884709/whatsapp-image-2024-06-28-at-5-48-15-pm-2-500x500.jpeg,"=HYPERLINK(""https://m.media-amazon.com/images/I/41hAPdtdaNL._SR290,290_.jpg"", ""Link"")","=HYPERLINK(""https://m.media-amazon.com/images/I/51lzyG4vXQL._UY1100_.jpg"", ""Link"")",,,,,,,,,,,male
C027,summer,trip,medium,"=HYPERLINK(""https://images-cdn.ubuy.co.in/665d1d1bab53426bc27d7730-tops-for-men-men-s-summer-trendy.jpg"", ""Link"")","https://assets.myntassets.com/dpr_1.5,q_30,w_400,c_limit,fl_progressive/assets/images/2025/APRIL/23/tWPaZbP9_e32af443f1c944aebbb6beb5da2efb79.jpg","=HYPERLINK(""https://images.meesho.com/images/products/432409705/tca9w_512.webp?width=512"", ""Link"")","=HYPERLINK(""https://assets.myntassets.com/dpr_1.5,q_30,w_400,c_limit,fl_progressive/assets/images/2025/JULY/7/pdtmT41M_4642ffe769c14e52a3f33c2605984da5.jpg"", ""Link"")",,,,,,,,,,,male
C025,summer,trip,fair,"=HYPERLINK(""https://encrypted-tbn0.gstatic.com/images?q=tbn:ANd9GcQguOYeQ68du0sKHglYDEphoIL4McIo9sF-vw&s"", ""Link"")",https://encrypted-tbn0.gstatic.com/images?q=tbn:ANd9GcTKTKoOOP-QreXnMSYYECHU0UQYb-FNq4Rnr-1tQSbdLpAtA3SP902i8CE0EXQHlTUWQv0&usqp=CAU,"=HYPERLINK(""https://rukminim2.flixcart.com/image/704/844/xif0q/shoe/6/x/l/6-iy440-elevarse-white-original-imagnz4btdwck9gm.jpeg?q=90&crop=false"", ""Link"")","=HYPERLINK(""https://www.speedo.in/cdn/shop/files/800233214500_a75e5dd5-55ad-4d8c-87ed-3bf90ac2fe80.webp?v=1751016507&width=800"", ""Link"")",,,,,,,,,,,male
C026,summer,trip,fair,"=HYPERLINK(""https://images.meesho.com/images/products/120911853/m9q4e_512.webp?width=512"", ""Link"")",https://images.meesho.com/images/products/495161090/qpr1y_512.jpg,"=HYPERLINK(""https://kxadmin.metroshoes.com/product/40-157-16-36/1200/40-157LA16.jpg"", ""Link"")","=HYPERLINK(""https://encrypted-tbn0.gstatic.com/images?q=tbn:ANd9GcT9_Rwwg3pm2NYxe_RN8p2ySNjm1rR6eL2jJ-wSXm8kJm1137Zp_SVBLl1rfrrduWdLd28&usqp=CAU"", ""Link"")",,,,,,,,,,,female
C027,summer,trip,fair,"=HYPERLINK(""https://encrypted-tbn0.gstatic.com/images?q=tbn:ANd9GcTnQos_EcT-E58_Hw2BjkmGN47mtuPTT6YmlQ&s"", ""Link"")",https://encrypted-tbn0.gstatic.com/images?q=tbn:ANd9GcRGbNWJnmBWaT3sP3hx0P3WLYVpI44_PVr6zk9CMQxcJ5USD9QDTT1C_NJ8npoexLNsC3U&usqp=CAU,"=HYPERLINK(""https://i.ebayimg.com/images/g/YMcAAOSwNqJkZLiy/s-l1200.jpg"", ""Link"")","=HYPERLINK(""https://static5.lenskart.com/media/catalog/product/pro/1/thumbnail/480x480/9df78eab33525d08d6e5fb8d27136e95//v/i/vincent-chase-vc-s17393-c2-sunglasses__dsc0583_30_07_2024.jpg"", ""Link"")",,,,,,,,,,,male
C028,summer,trip,fair,"=HYPERLINK(""https://m.media-amazon.com/images/I/61zsDiFPsDL._UY1100_.jpg"", ""Link"")",https://www.reccy.in/cdn/shop/files/24-01-2025--aldin00810.webp?v=1748001600&width=533,"=HYPERLINK(""https://encrypted-tbn0.gstatic.com/images?q=tbn:ANd9GcTQWx7znAZ5cTECP8I49jheA8swi0nFi9_P9w&s"", ""Link"")","=HYPERLINK(""https://media.istockphoto.com/id/1164352113/photo/summer-vacation-concept-sunglasses-with-ocean-beach-and-palms-on-blue-background.jpg?s=612x612&w=0&k=20&c=zZrQ-ASM7k_vSOM6m2qBUQA1l2TyMZc_i_3-1nC9YS4="", ""Link"")",,,,,,,,,,,male
C029,summer,trip,fair,"=HYPERLINK(""https://m.media-amazon.com/images/I/91oyh9ndFTL._UY1100_.jpg"", ""Link"")",https://encrypted-tbn0.gstatic.com/images?q=tbn:ANd9GcReM7Mmkanhfv0OD5MoRgllYzfa3TPtV6BdcQ&s,"=HYPERLINK(""https://encrypted-tbn0.gstatic.com/images?q=tbn:ANd9GcR7VrYE_WobyQQ79u0i8QhQIRzBdVUgo29i6Q&s"", ""Link"")","=HYPERLINK(""https://encrypted-tbn0.gstatic.com/images?q=tbn:ANd9GcSmP3jxOws2D1qA3euZ_Evc8g31zdku4M6WRC6pgLtzJdmRcLjKIEdhbuZnoB9ysZHf4x8&usqp=CAU"", ""Link"")",,,,,,,,,,,female
C030,summer,trip,fair,"=HYPERLINK(""https://encrypted-tbn0.gstatic.com/images?q=tbn:ANd9GcTbb8tgRjNbihb1ZoicTU8AVRXPKZaWgUvUOw&s"", ""Link"")",https://encrypted-tbn0.gstatic.com/images?q=tbn:ANd9GcS7DGbg1eIfss-3D2qbu6isIjnti6JbhZSFkQ&s,"=HYPERLINK(""https://m.media-amazon.com/images/I/71BpiWXYcxS.jpg"", ""Link"")","=HYPERLINK(""https://encrypted-tbn0.gstatic.com/images?q=tbn:ANd9GcSOWdMKYhaL_hHYqIb5XIKoxmooI0qGiOdehEDqJq66a5HHfWNBnPK6KkrLsfpJ4WnqGDg&usqp=CAU"", ""Link"")",,,,,,,,,,,female
C028,winter,trip,fair,"=HYPERLINK(""https://encrypted-tbn0.gstatic.com/images?q=tbn:ANd9GcR7PSlLoHnJqAx_vrR-6eftyA-LhK8-JocM4z0hNrA6mBb56IuXyeilw6---HoD9-V74vo&usqp=CAU"", ""Link"")",https://images.meesho.com/images/products/495161090/kwsm7_512.webp?width=512,"=HYPERLINK(""https://images.meesho.com/images/products/485611187/ftmcy_512.webp?width=512"", ""Link"")","=HYPERLINK(""https://encrypted-tbn0.gstatic.com/images?q=tbn:ANd9GcQwfaaemTdYgUEJ2jZ53nUQILbhAS1lzZ3sP_cxgZdCe30q4bji1ZSa21P5qX3tv0uDhwM&usqp=CAU"", ""Link"")",,,,,,,,,,,female
C029,winter,trip,fair,"=HYPERLINK(""https://d1fufvy4xao6k9.cloudfront.net/images/blog/posts/2024/06/header_image/hockerty_a_handsome_man_wearing_a_striped_shirt_awning_blue_s_c787a160-b351-4a32-bcfb-1529b2c95794_0_1.jpg"", ""Link"")","https://hips.hearstapps.com/vader-prod.s3.amazonaws.com/1747169590-mhl-summer-pant-everlane-685-1-6823b10bf2953.jpg?crop=0.473xw:0.946xh;0.279xw,0&resize=980:*","=HYPERLINK(""https://encrypted-tbn0.gstatic.com/images?q=tbn:ANd9GcTb413SYbEv-flZGzjSKxZ3OKHWbPnygFR5sovxFqEMiTYWVhTMvc8R65ADaEhxUtY72T8&usqp=CAU"", ""Link"")","=HYPERLINK(""https://img2.ans-media.com/i/840x1260/AA00-OKU0SB-00X_F4.webp?v=1747895818"", ""Link"")",,,,,,,,,,,male
C030,winter,trip,fair,"=HYPERLINK(""https://shedevilclothing.co.uk/cdn/shop/files/12408orchidmaxidress.jpg?v=1706198707"", ""Link"")",https://www.thebeachcompany.in/cdn/shop/products/0U8A2566_resize_1000x_809e48eb-f71d-4b10-a60e-521e3454e1ad.jpg?v=1571438699,"=HYPERLINK(""https://images.meesho.com/images/products/485611200/ufrrn_512.webp?width=512"", ""Link"")","=HYPERLINK(""https://encrypted-tbn0.gstatic.com/images?q=tbn:ANd9GcTmxmAzkL9qQ-LhxTenAyK-ittxLHUogqsvFg&s"", ""Link"")",,,,,,,,,,,female
C031,winter,trip,fair,"=HYPERLINK(""https://www.irealife.com/cdn/shop/files/ProductKurtisVedikaGeorgetteKurti_5.jpg?v=1706008584&width=1100"", ""Link"")",https://encrypted-tbn0.gstatic.com/images?q=tbn:ANd9GcQMCCf6t9IepU5QQgg2qUai6WHRAwJhEDYkjw&s,"=HYPERLINK(""https://images.meesho.com/images/products/359485530/7nieh_512.webp?width=512"", ""Link"")","=HYPERLINK(""https://encrypted-tbn0.gstatic.com/images?q=tbn:ANd9GcSerzTgR0NNacMpRooYRuaT1Un58bU8aTWcjg&s"", ""Link"")",,,,,,,,,,,female
C032,winter,trip,fair,"=HYPERLINK(""https://images.meesho.com/images/products/420159827/xua6m_512.jpg"", ""Link"")",https://woollen-wear.in/image/cache/data/kids-jackets/boys-jackets/lure-junior/aw24-25/22538%20olive/44_A_White-300x382.jpg,"=HYPERLINK(""https://encrypted-tbn0.gstatic.com/images?q=tbn:ANd9GcQN_2GVLPNV8SaA9N3tAIiA_6J80rRJGmdnnBMC1_mBsE-oZ-ecI6QmcLFXkFz_baiErA8&usqp=CAU"", ""Link"")","=HYPERLINK(""https://encrypted-tbn0.gstatic.com/images?q=tbn:ANd9GcQhU40m0fSO4spMohVRjhaQALSO254HH5rmPg&s"", ""Link"")",,,,,,,,,,,male
C033,winter,trip,fair,"=HYPERLINK(""https://m.media-amazon.com/images/I/51iCgFGqbrL._UY350_.jpg"", ""Link"")",https://woollen-wear.in/image/cache/data/kids-jackets/boys-jackets/lure-junior/aw24-25/22549chocolate/20_A_White-300x382.jpg,"=HYPERLINK(""https://m.media-amazon.com/images/I/716sp5HCh6L._UY1000_.jpg"", ""Link"")","=HYPERLINK(""https://m.media-amazon.com/images/I/81TXf9QzRFL._UY1100_.jpg"", ""Link"")",,,,,,,,,,,male
C031,winter,trip,medium,"=HYPERLINK(""https://www.apetogentleman.com/wp-content/uploads/2023/07/MensSummerT-ShirtStyle15.jpg"", ""Link"")",https://pvh-brands.imgix.net/catalog/product/media/MW0MW22359_DW5_MO-ST-F1_234.jpg?w=582&h=777&crop=edges&fit=crop&auto=format&ixlib=react-9.8.0,"=HYPERLINK(""https://img.joomcdn.net/28d79cb38963af51db5e32f924e39412147a2027_original.jpeg"", ""Link"")","=HYPERLINK(""https://m.media-amazon.com/images/I/81sk4K2PT8L._UY1000_.jpg"", ""Link"")",,,,,,,,,,,male
C032,winter,trip,medium,"=HYPERLINK(""https://m.media-amazon.com/images/I/81AmKlYCEFL._UY350_.jpg"", ""Link"")",https://encrypted-tbn0.gstatic.com/images?q=tbn:ANd9GcQ6b6KQZQP5I9VC_Bx5JsqPqJHqmpFu5nKQ_OkxPc867mRL6bnxfenYjg6K_qnlBbFsjQk&usqp=CAU,"=HYPERLINK(""https://m.media-amazon.com/images/I/71pRBHO7HvS._UF894,1000_QL80_.jpg"", ""Link"")","=HYPERLINK(""https://f.nooncdn.com/p/v1563936186/N27094579A_1.jpg?width=480"", ""Link"")",,,,,,,,,,,female
C033,winter,trip,medium,"=HYPERLINK(""https://sabezy.com/image/cache/catalog/Sabezy-Tshirts/Mens-T-Shirts/T-Shirt-for-Men-Casual-Printed-Black-1000x1000.webp"", ""Link"")",https://encrypted-tbn0.gstatic.com/images?q=tbn:ANd9GcSM_QfToEUsgww8Ho6zNiyo-yXehsv5RHYXozF5Xpes1agZg7W0-k4xp_eW5aNqjhQwQuI&usqp=CAU,"=HYPERLINK(""https://m.media-amazon.com/images/I/51lXgNWtNJL._UY300_.jpg"", ""Link"")","=HYPERLINK(""https://assets.myntassets.com/dpr_1.5,q_30,w_400,c_limit,fl_progressive/assets/images/30439698/2025/2/25/0a6dca5a-7fca-4d4a-bf9e-0d13714aaf0d1740488374907-ROYAL-SON-Men-Square-Sunglasses-with-Polarised-and-UV-Protec-1.jpg"", ""Link"")",,,,,,,,,,,male
C034,winter,trip,medium,"=HYPERLINK(""https://m.media-amazon.com/images/I/51iCgFGqbrL._UY350_.jpg"", ""Link"")",https://tiimg.tistatic.com/fp/1/007/842/full-sleeves-winter-wear-washable-comfortable-zip-closure-with-cap-mens-winter-jacket-349.jpg,"=HYPERLINK(""https://encrypted-tbn0.gstatic.com/images?q=tbn:ANd9GcROZvbelLyVTVncLiA7yppaUm76ut_elzjb3w&s"", ""Link"")","=HYPERLINK(""https://m.media-amazon.com/images/I/6187YZURiDL._UY1100_.jpg"", ""Link"")",,,,,,,,,,,male
C035,winter,trip,medium,"=HYPERLINK(""https://i.etsystatic.com/5609612/r/il/3f758f/5372501787/il_570xN.5372501787_drcx.jpg"", ""Link"")",https://encrypted-tbn0.gstatic.com/images?q=tbn:ANd9GcT7uGodytpzEtBrDRJUvEQSNwWIP3Uz3LF8LQ&s,"=HYPERLINK(""https://encrypted-tbn0.gstatic.com/images?q=tbn:ANd9GcRojtoB_sDSJXXwh5BT0YAg7pjBl-Mtq135Ew&s"", ""Link"")","=HYPERLINK(""https://encrypted-tbn0.gstatic.com/images?q=tbn:ANd9GcRqsCihAl1V8KV_kkpHZ66wB_CtS055fkE8iA&s"", ""Link"")",,,,,,,,,,,female
C036,winter,trip,medium,"=HYPERLINK(""https://encrypted-tbn0.gstatic.com/images?q=tbn:ANd9GcQApccZomWlpOqtd5Gd2F606Cswv-SPG-OVpQ&s"", ""Link"")",https://m.media-amazon.com/images/I/815HUEBYjXL._UY1100_.jpg,"=HYPERLINK(""https://m.media-amazon.com/images/I/41gZwSXVcXL._UY1000_.jpg"", ""Link"")","=HYPERLINK(""https://encrypted-tbn0.gstatic.com/images?q=tbn:ANd9GcS8BQ6dmn_Vb8m5LtDCvTYcQhEqE5X_ksLEtg&s"", ""Link"")",,,,,,,,,,,female
C034,winter,trip,dark,"=HYPERLINK(""https://encrypted-tbn0.gstatic.com/images?q=tbn:ANd9GcQPocal2IS70UXd4U8lVwlUD2qvKKk9MqLLbQ&s"", ""Link"")",https://encrypted-tbn0.gstatic.com/images?q=tbn:ANd9GcTpdB7t81bs3mMdXOX0r8ftkirAvzb46DiWcBONy_U3zLb-dZe2Xrkw8n_t9FYvPO5I1Qg&usqp=CAU,"=HYPERLINK(""https://m.media-amazon.com/images/I/5112nVWIzcL._UF1000,1000_QL80_.jpg"", ""Link"")","=HYPERLINK(""https://encrypted-tbn0.gstatic.com/images?q=tbn:ANd9GcQIYoKkdCWbbM22PvbgA-V1dGabnF9aO5ArqEAWMI5a_SkCKC5lFrapzdXKXE73rgoiqaM&usqp=CAU"", ""Link"")",,,,,,,,,,,female
C035,winter,trip,dark,"=HYPERLINK(""https://img.kwcdn.com/product/fancy/7c77ddbe-008b-4a34-a755-89f0dda22036.jpg?imageView2/2/w/500/q/60/format/webp"", ""Link"")",https://cdn10.nnnow.com/web-images/medium/styles/EYNQ3FTTUKO/1674109938892/1.jpg,"=HYPERLINK(""https://img.joomcdn.net/24840ebe21d14fa99a1753061ce9e15ec86c68ad_original.jpeg"", ""Link"")","=HYPERLINK(""https://m.media-amazon.com/images/I/31h20wB1WuL._SX425_.jpg"", ""Link"")",,,,,,,,,,,male
C036,winter,trip,dark,"=HYPERLINK(""https://i.pinimg.com/736x/2d/8e/4d/2d8e4d2c2490e239b8ec0cbd736cfa2d.jpg"", ""Link"")",https://cdn.media.amplience.net/s/hobbylobby/6313555-81221839-12302024-IMGSET?fmt=webp&w=544&h=544&sm=mc,"=HYPERLINK(""https://m.media-amazon.com/images/I/51ncChDfoeL._UY1100_.jpg"", ""Link"")","=HYPERLINK(""https://issanyi.com/cdn/shop/files/5.jpg?v=1688709539"", ""Link"")",,,,,,,,,,,female
C037,winter,trip,dark,"=HYPERLINK(""https://www.rustorange.com/cdn/shop/files/CopyofSV-20231107-0076_600x.jpg?v=1700750149"", ""Link"")",https://encrypted-tbn0.gstatic.com/images?q=tbn:ANd9GcSRL4fDKEuV3KEgggdjV4TqWcQeLIZLmPLODQ&s,"=HYPERLINK(""https://encrypted-tbn0.gstatic.com/images?q=tbn:ANd9GcTqOAWB7IDs2LNRIasKe_Hs5cKQHy2q-B0ynA&s"", ""Link"")","=HYPERLINK(""https://encrypted-tbn0.gstatic.com/images?q=tbn:ANd9GcQaB01AaQIcP1fDczZ2chrDMQ4TAm3N8LvyXA&s"", ""Link"")",,,,,,,,,,,female
C038,winter,trip,dark,"=HYPERLINK(""https://encrypted-tbn0.gstatic.com/images?q=tbn:ANd9GcQp5XPprZrAtB6urjDCQcNqIOuJPVY67fiIfA&s"", ""Link"")",https://encrypted-tbn0.gstatic.com/images?q=tbn:ANd9GcSVFAo8zGKLUqi-R-scAYf3nj39OhBqvoNNSQ&s,"=HYPERLINK(""https://m.media-amazon.com/images/I/51xujumkIoL._UY1000_.jpg"", ""Link"")","=HYPERLINK(""https://m.media-amazon.com/images/I/616YlqOsRPL._UY1100_.jpg"", ""Link"")",,,,,,,,,,,male
C039,winter,trip,dark,"=HYPERLINK(""https://encrypted-tbn0.gstatic.com/images?q=tbn:ANd9GcS0B7xQS4TikyHdUma4r341vlEdBEfbFPUc8Q&s"", ""Link"")",https://tiimg.tistatic.com/fp/1/007/842/full-sleeves-winter-wear-washable-comfortable-zip-closure-with-cap-mens-winter-jacket-349.jpg,"=HYPERLINK(""https://encrypted-tbn0.gstatic.com/images?q=tbn:ANd9GcTguSKUyKgB7cGwCWL-TNhBBnAEAO1z-YXTIA&s"", ""Link"")","=HYPERLINK(""https://encrypted-tbn0.gstatic.com/images?q=tbn:ANd9GcRmgWs6jmXDkIG9oipne6CshpHlESy5O8TYOw&s"", ""Link"")",,,,,,,,,,,male
C037,winter,marriage,fair,"=HYPERLINK(""https://encrypted-tbn0.gstatic.com/images?q=tbn:ANd9GcTQyWQwAtsmf-BqBWF4v_ZZbRKONc4uHSJ_Pg&s"", ""Link"")",https://images.meesho.com/images/products/376224949/dogmm_512.webp?width=512,"=HYPERLINK(""https://www.walkaroo.in/cdn/shop/files/1_9b5a59fc-3812-4d5d-b5be-823aa099daf2.jpg?v=1753515014&width=1600"", ""Link"")","=HYPERLINK(""https://m.media-amazon.com/images/I/71hnc3Pf7oL._UY1000_.jpg"", ""Link"")",,,,,,,,,,,male
C038,winter,marriage,fair,"=HYPERLINK(""https://encrypted-tbn0.gstatic.com/images?q=tbn:ANd9GcS4eKIoROSmhKGw5MLyFbIDuJCNA4kukZsgrw&s"", ""Link"")",https://m.media-amazon.com/images/I/818ltIqVKfL._UY1100_.jpg,"=HYPERLINK(""https://admin.mochishoes.com/product/35-468/660/35-468LA28.jpg"", ""Link"")","=HYPERLINK(""https://images.meesho.com/images/products/113002626/1pm7c_512.webp?width=512"", ""Link"")",,,,,,,,,,,female
C039,winter,marriage,fair,"=HYPERLINK(""https://medias.utsavfashion.com/media/catalog/product/cache/1/small_image/295x/040ec09b1e35df139433887a97daa66f/p/i/pintucks-cotton-silk-shirt-in-white-v1-mtx2628.jpg"", ""Link"")",https://www.tiptop.ca/cdn/shop/files/TT-5118-976-7039_black_1800x.jpg,"=HYPERLINK(""https://cdn.shopify.com/s/files/1/0471/9584/8869/products/FST_FOSME-2032_BROWN_1-MOOD_255x.jpg?v=1680785397"", ""Link"")","=HYPERLINK(""https://img.tatacliq.com/images/i16//1348Wx2000H/MP000000012845464_1348Wx2000H_202403181816325.jpeg"", ""Link"")",,,,,,,,,,,male
C040,winter,marriage,fair,"=HYPERLINK(""https://encrypted-tbn0.gstatic.com/images?q=tbn:ANd9GcR3gaaLMXLW5y10C5mJF7FL4LgP3UfK5bCeHyAFg-sbf_Pc9oCRhE_lj7r1T3z88OS5UHU&usqp=CAU"", ""Link"")",https://encrypted-tbn0.gstatic.com/images?q=tbn:ANd9GcRV5FJz6B1fg7YirxJtWGdXyVWlSgNGZJlmMg&s,"=HYPERLINK(""https://encrypted-tbn0.gstatic.com/images?q=tbn:ANd9GcTOoZiWPO0orZm5INo5f8IHW3kD8fJrYR0UxQ&s"", ""Link"")","=HYPERLINK(""https://encrypted-tbn0.gstatic.com/images?q=tbn:ANd9GcRi9bgZIAjA5rmniMHCyNsKBurZ6ciiABDW1A&s"", ""Link"")",,,,,,,,,,,male
C041,winter,marriage,fair,"=HYPERLINK(""https://images.prismic.io/milanmagic/90364082-3655-4f95-83a5-1abc094edf81_4.+full+sleeve+gown.jpeg?auto=compress,format&rect=0,0,1080,1278&w=740&h=876"", ""Link"")",https://encrypted-tbn0.gstatic.com/images?q=tbn:ANd9GcSjLZ8vDbcPvaKyYGTWvInZ7EFgVbTyRDQWhA&s,"=HYPERLINK(""https://assets.myntassets.com/w_412,q_30,dpr_3,fl_progressive,f_webp/assets/images/25865746/2023/11/14/9944a6f4-0350-4241-b074-8460672fb5e71699904221676MiscreefWomenPinkFashion1.jpg"", ""Link"")","=HYPERLINK(""https://p7.hiclipart.com/preview/541/854/455/northern-giraffe-wedding-invitation-beanie-christmas-card-greeting-card-hat-pattern.jpg"", ""Link"")",,,,,,,,,,,female
C042,winter,marriage,fair,"=HYPERLINK(""https://encrypted-tbn0.gstatic.com/images?q=tbn:ANd9GcTUJ2lvM0DENxeDSxZydjvonM9H8k8WHjcaYQ&s"", ""Link"")",https://encrypted-tbn0.gstatic.com/images?q=tbn:ANd9GcQpd7Xmxy_7Un3gjATr29WC-YOUTSl0Iak9zA&s,"=HYPERLINK(""https://encrypted-tbn0.gstatic.com/images?q=tbn:ANd9GcThSvjNIcegDei5uqYmvwH3Lzp9DaMALYEypQ&s"", ""Link"")","=HYPERLINK(""https://img.freepik.com/premium-photo/pretty-beautiful-white-women-s-summer-sun-hat-with-red-ribbon-bow-white-background-3d-rendering_476612-16346.jpg"", ""Link"")",,,,,,,,,,,female
C043,winter,marriage,medium,"=HYPERLINK(""https://images.prismic.io/milanmagic/90364082-3655-4f95-83a5-1abc094edf81_4.+full+sleeve+gown.jpeg?auto=compress,format&rect=0,0,1080,1278&w=740&h=876"", ""Link"")","https://m.media-amazon.com/images/I/41yq6O7vlOL._QL92_SH45_SR240,220_.jpg","=HYPERLINK(""https://admin.mochishoes.com/product/35-1522/660/35-1522LA66.jpg"", ""Link"")","=HYPERLINK(""https://rukminim2.flixcart.com/image/704/844/knqd3m80/sling-bag/q/d/x/bridal-handbags-for-wedding-party-wear-bridal-clutch-bag-handbag-original-imag2cfntc8b8sxg.jpeg?q=90&crop=false"", ""Link"")",,,,,,,,,,,female
C044,winter,marriage,medium,"=HYPERLINK(""https://jadeblue.com/cdn/shop/products/volo_1_480x.jpg"", ""Link"")",https://encrypted-tbn0.gstatic.com/images?q=tbn:ANd9GcQrLyqW3PDNMwrpds0rFAUZMpg3RD2uFF9SYmL5rT6UNkJ-S6if2v4Sr7mOnxuNYayOAKg&usqp=CAU,"=HYPERLINK(""https://assets.ajio.com/medias/sys_master/root/20230602/7sIT/6479551b42f9e729d710dc4e/-473Wx593H-461651568-brown-MODEL.jpg"", ""Link"")","=HYPERLINK(""https://img.tatacliq.com/images/i16//437Wx649H/MP000000021192663_437Wx649H_202402152359124.jpeg"", ""Link"")",,,,,,,,,,,male
C045,winter,marriage,medium,"=HYPERLINK(""https://images.prismic.io/milanmagic/ffdea924-0133-496b-92ab-ddc55c8afb12_2.+anarkali.jpg?auto=compress,format&rect=0,0,1034,1250&w=740&h=895"", ""Link"")",https://encrypted-tbn0.gstatic.com/images?q=tbn:ANd9GcR6ENeO-wSB8XrqJRIXxzPlx6VPjU5zShHF1g&s,"=HYPERLINK(""https://admin.mochishoes.com/product/35-1763/660/35-1763-28-36-1.JPG"", ""Link"")","=HYPERLINK(""https://images-static.nykaa.com/media/catalog/product/c/7/c727a38C14C_8.jpg?tr=w-500"", ""Link"")",,,,,,,,,,,female
C046,winter,marriage,medium,"=HYPERLINK(""https://images.prismic.io/milanmagic/85bb330b-a4b7-4f82-a974-a5928ae3a7fc_6.+palazo+suit+with+shawl.jpg?auto=compress,format&rect=0,0,736,1012&w=740&h=1017"", ""Link"")",https://5.imimg.com/data5/SELLER/Default/2022/2/HZ/KA/YV/148088711/rry-f-500x636.jpg,"=HYPERLINK(""https://5.imimg.com/data5/SELLER/Default/2020/9/WH/SJ/HL/13139681/pu-wedding-wear-slipper.jpg"", ""Link"")","=HYPERLINK(""https://encrypted-tbn0.gstatic.com/images?q=tbn:ANd9GcQciBPSCc-wb1wzN0Ni_FGrZlvS3Y03Vb_R1te4sHn4g7GNME_Nke9CIZXQH2ffRqVuZUE&usqp=CAU"", ""Link"")",,,,,,,,,,,female
C047,winter,marriage,medium,"=HYPERLINK(""https://cdn0.weddingwire.in/article/7272/original/1280/jpg/62727-winter-dresses-for-man-ranveer-singh-brocade-blazer.jpeg"", ""Link"")",https://tiimg.tistatic.com/fp/1/007/841/-winter-wear-full-sleeves-comfortable-maroon-polyester-plain-mens-jacket--839.jpg,"=HYPERLINK(""https://encrypted-tbn0.gstatic.com/images?q=tbn:ANd9GcQ3q-WgGTQcUeiYCl90ssj6VFr_-dBX0FQduA&s"", ""Link"")","=HYPERLINK(""https://5.imimg.com/data5/SELLER/Default/2021/1/UH/QG/NO/56886455/pure-wool-fabric-500x500.jpg"", ""Link"")",,,,,,,,,,,male
C048,winter,marriage,medium,"=HYPERLINK(""https://images.prismic.io/milanmagic/e82f9858-1f88-4163-8154-c0556a1f5547_12.+flared+jacket+sherwani.jpg?auto=compress,format&rect=0,0,854,1031&w=740&h=893"", ""Link"")",https://m.media-amazon.com/images/I/61LO8qxbdpL._UY350_.jpg,"=HYPERLINK(""https://encrypted-tbn0.gstatic.com/images?q=tbn:ANd9GcTSmvIOAYIsIxH0ppZLlSB0yL94Tf2Fy7ecAQ&s"", ""Link"")","=HYPERLINK(""https://www.shutterstock.com/image-photo/knitted-hat-isolated-on-white-260nw-748139338.jpg"", ""Link"")",,,,,,,,,,,male
C049,winter,marriage,dark,"=HYPERLINK(""https://jadeblue.com/cdn/shop/products/nksf_1_480x.jpg"", ""Link"")",https://encrypted-tbn0.gstatic.com/images?q=tbn:ANd9GcTozS93VP38gGgqoCJFoTX_cDD7h-r7fVdPSeXXRGAotF8tRcH7z53zz5dMr3Y4WF8rty0&usqp=CAU,"=HYPERLINK(""https://admin.mochishoes.com/product/18-1359/660/18-1359M23.jpg"", ""Link"")","=HYPERLINK(""https://static.helioswatchstore.com/media/catalog/product/1/8/1829kl01f_1_1.jpg"", ""Link"")",,,,,,,,,,,male
C050,winter,marriage,dark,"=HYPERLINK(""https://showbizfashion.pk/wp-content/uploads/2020/05/Tena-Durrani-Wedding-Dresses-18-731x1024.jpg"", ""Link"")",https://i.pinimg.com/736x/e9/02/6d/e9026da634cc3c890ab130056325286e.jpg,"=HYPERLINK(""https://kxadmin.metroshoes.com/product/35-4988/550/35-4988H52.jpg"", ""Link"")","=HYPERLINK(""https://img4.dhresource.com/webp/m/0x0/f3/albu/jc/o/29/1e880c3d-fca1-49cd-b1db-ce1f9f823001.jpg"", ""Link"")",,,,,,,,,,,female
C051,winter,marriage,dark,"=HYPERLINK(""https://encrypted-tbn0.gstatic.com/images?q=tbn:ANd9GcSPhWDnpshkTT6ti5rHXpwdhIsI1CHm-t92sL28TZVhdFUZBUVLmPwuiBSYbvVBniGd9l8&usqp=CAU"", ""Link"")",https://images.meesho.com/images/products/470142364/yiswg_512.webp?width=512,"=HYPERLINK(""https://kxadmin.metroshoes.com/product/18-1512/550/18-1512H23.jpg"", ""Link"")","=HYPERLINK(""https://encrypted-tbn0.gstatic.com/images?q=tbn:ANd9GcTsPZ-ls47sTBR9rEeOe0BgTohgBYQWAeF5oqni6a9rxVQBpQfne1HzfZBrAWG_A1sl6tQ&usqp=CAU"", ""Link"")",,,,,,,,,,,male
C052,winter,marriage,dark,"=HYPERLINK(""https://images.prismic.io/milanmagic/b143f022-e719-4b43-83c8-a439fd66593e_1+blue+tuxedo.jpg?auto=compress,format&rect=0,0,1365,2048&w=740&h=1110"", ""Link"")",https://m.media-amazon.com/images/I/61bmj4fXowL._UY1100_.jpg,"=HYPERLINK(""https://m.media-amazon.com/images/I/61yFx9r188L._UY1000_.jpg"", ""Link"")","=HYPERLINK(""https://assets.myntassets.com/w_412,q_60,dpr_2,fl_progressive/assets/images/21758394/2023/1/30/aedd3cb7-d0e4-4718-a5ad-f0ec3f888dbf1675075462299MonteCarloMenRedBrownBeanie1.jpg"", ""Link"")",,,,,,,,,,,male
C053,winter,marriage,dark,"=HYPERLINK(""https://i.pinimg.com/564x/3e/b8/7a/3eb87aa84cebb367ff286b416e9e7489.jpg"", ""Link"")",https://encrypted-tbn0.gstatic.com/images?q=tbn:ANd9GcR6ENeO-wSB8XrqJRIXxzPlx6VPjU5zShHF1g&s,"=HYPERLINK(""https://kxadmin.metroshoes.com/product/35-4988/550/35-4988H52.jpg"", ""Link"")","=HYPERLINK(""https://encrypted-tbn0.gstatic.com/images?q=tbn:ANd9GcRora3CStkbMQASFGoMszrwe7c-3ESb-6036mx8VtWolUG5nINVmLlWc-QgjsI28di7TGs&usqp=CAU"", ""Link"")",,,,,,,,,,,female
C054,winter,marriage,dark,"=HYPERLINK(""https://images.prismic.io/milanmagic/179310e9-10a1-4644-ae10-e9a8e8829914_5.+cape+lehenga.jpg?auto=compress,format&rect=0,0,736,1103&w=740&h=1109"", ""Link"")",https://images-cdn.ubuy.co.in/6550045d2b2f1f76223ff667-tuduoms-womens-winter-evening-bolero.jpg,"=HYPERLINK(""https://admin.mochishoes.com/product/35-1763/660/35-1763-29-36-1.JPG"", ""Link"")","=HYPERLINK(""https://m.media-amazon.com/images/I/61ug3QeR87L._AC_SX342_.jpg"", ""Link"")",,,,,,,,,,,female
C055,winter,office,medium,"=HYPERLINK(""https://toptenmartltd.com/wp-content/uploads/2024/09/Formal-shirt-1-600x600.jpg"", ""Link"")",https://imagescdn.peterengland.com/img/app/product/4/40013120-20693825.jpg?auto=format&w=390,"=HYPERLINK(""https://paragonfootwear.com/cdn/shop/products/K11239G_BLK_1.jpg?v=1741860980"", ""Link"")","=HYPERLINK(""https://www.carlington.in/cdn/shop/products/CT_2043_Brown_1.webp?v=1708662998"", ""Link"")",,,,,,,,,,,male
C056,winter,office,medium,"=HYPERLINK(""https://encrypted-tbn0.gstatic.com/shopping?q=tbn:ANd9GcSxfOZppAsR0t7fF3o8y2prv3Xla1O8Tm0z-dyV8TljyRdPwqlPBtMJJjEqMHk6kgMe25m7i_Gn_mnnB7nAJIg8GWiz1NYC0YZuH6tth7S4"", ""Link"")",https://m.media-amazon.com/images/I/81an609EnjL._UY1100_.jpg,"=HYPERLINK(""https://encrypted-tbn0.gstatic.com/shopping?q=tbn:ANd9GcQa7vw7vqWacW0TwsNvf67Too185tYYKT7quRP5KiUcr2ECgni4TOkdAuDIPklLX-1yllTYplfduuu3UY9FOWoI8HLO5986Z9qIZXdpYEqptfri9OKx6IgjmA"", ""Link"")","=HYPERLINK(""https://encrypted-tbn0.gstatic.com/images?q=tbn:ANd9GcS5ZGX_Rse27ocsNEEqfgA5zn3-XD9lEAdp6g&s"", ""Link"")",,,,,,,,,,,female
C057,winter,office,medium,"=HYPERLINK(""https://encrypted-tbn2.gstatic.com/shopping?q=tbn:ANd9GcQFND9mZ3WVI8PCPbnBYir9h9arhKs4eMkUS18Lhv_r4_hY0ZOuawEngInCgf0xxeVHaw9G1Ng7EVIFDRmuJjeri5Or7oIAmJKfEFSwjn9Tn9Cr58SAAOEZ-g"", ""Link"")",https://pictures.kartmax.in/cover/live/600x800/quality=6/sites/w0ACRcy407Pb14QWUoSQ/product-images/BHDI25020-GREY%20TONE_1.jpg,"=HYPERLINK(""https://encrypted-tbn0.gstatic.com/images?q=tbn:ANd9GcS0cYxlKJTawJXPbzxQ5r3ebOvQevEnjIdEyA&s"", ""Link"")","=HYPERLINK(""https://static.helioswatchstore.com/media/catalog/product/v/e/vevk00620_1.jpg"", ""Link"")",,,,,,,,,,,male
C058,winter,office,medium,"=HYPERLINK(""https://www.jiomart.com/images/product/original/rvz2cgdctr/villain-men-s-solid-formal-shirts-for-men-cotton-men-s-wear-for-office-wear-regular-fit-full-sleeve-shirt-for-men-pista-product-images-rvz2cgdctr-0-202401120703.jpg?im=Resize=(500,630)"", ""Link"")",https://images.meesho.com/images/products/142481028/0hhnj_512.webp?width=512,"=HYPERLINK(""https://paragonfootwear.com/cdn/shop/products/K11239G_BLK_1.jpg?v=1741860980&width=1920"", ""Link"")","=HYPERLINK(""https://woollen-wear.in/image/cache/data/lure/mens-coat/em19146/em19146-f-anthra-300x382.PNG"", ""Link"")",,,,,,,,,,,male
C059,winter,office,medium,"=HYPERLINK(""https://img.tatacliq.com/images/i15//450Wx545H/MP000000020581479_450Wx545H_202312270101331.jpeg"", ""Link"")",https://imagescdn.allensolly.com/img/app/product/3/39724858-15036475.jpg?auto=format&w=390,"=HYPERLINK(""https://images.meesho.com/images/products/330074917/tmd6l_512.jpg"", ""Link"")","=HYPERLINK(""https://5.imimg.com/data5/KX/EV/MY-21947894/ladies-full-sleeve-coat-500x500.jpg"", ""Link"")",,,,,,,,,,,female
C060,winter,office,medium,"=HYPERLINK(""https://img.tatacliq.com/images/i18//437Wx649H/MP000000022370931_437Wx649H_202405242257131.jpeg"", ""Link"")",https://imagescdn.allensolly.com/img/app/product/3/39724793-15034763.jpg?auto=format&w=390,"=HYPERLINK(""https://5.imimg.com/data5/UF/AJ/NB/SELLER-14679283/ladies-formal-shoes.jpg"", ""Link"")","=HYPERLINK(""https://5.imimg.com/data5/AA/YS/MY-31357245/long-coat-winter-ladies.jpg"", ""Link"")",,,,,,,,,,,female
C061,winter,office,dark,"=HYPERLINK(""https://www.seasonbazaar.com/wp-content/uploads/2019/08/2019-brand-casual-plaid-luxury-plus-size-long-sleeve-slim-fit-men-shirt-spring-social-dress-2.jpg"", ""Link"")",https://m.media-amazon.com/images/I/71mo+7df8gS._UY350_.jpg,"=HYPERLINK(""https://funkytradition.com/cdn/shop/files/5_Merkmak-Men-Shoes-2019-New-Arrival-Dress-Shoes-High-Quality-Business-Leather-Lace-up-Footwear-Formal.jpg?v=1723517830"", ""Link"")","=HYPERLINK(""https://5.imimg.com/data5/YO/XG/MY-32643582/black-tie.jpg"", ""Link"")",,,,,,,,,,,male
C062,winter,office,dark,"=HYPERLINK(""https://imagescdn.allensolly.com/img/app/product/9/921827-11579920.jpg?auto=format&w=390"", ""Link"")",https://encrypted-tbn0.gstatic.com/images?q=tbn:ANd9GcQtkm1v8U3WMDTwumKeIVjqjJXhh2yq9UHxa0bcw6wjQkNm0UaG8ZgwtAKri8A896FC60A&usqp=CAU,"=HYPERLINK(""https://m.media-amazon.com/images/I/41t7Xz31JhL._SR290,290_.jpg"", ""Link"")","=HYPERLINK(""https://m.media-amazon.com/images/I/71gc5A5Sg5L._UY350_.jpg"", ""Link"")",,,,,,,,,,,female
C063,winter,office,dark,"=HYPERLINK(""https://encrypted-tbn0.gstatic.com/images?q=tbn:ANd9GcS3LIlatSxp-RgqX8N36OI2rGxdQlhuuSmkdA&s"", ""Link"")",https://pictures.kartmax.in/cover/live/600x800/quality=6/cdn/placeholder-opacity.png,"=HYPERLINK(""https://encrypted-tbn0.gstatic.com/images?q=tbn:ANd9GcTU7lgARRIGVBX3-yA1r4hewse4aS3z3_KJ2w&s"", ""Link"")","=HYPERLINK(""https://m.media-amazon.com/images/I/71WAr6TSVKL.jpg"", ""Link"")",,,,,,,,,,,male
C064,winter,office,dark,"=HYPERLINK(""https://www.jiomart.com/images/product/original/rvz2cgdctr/villain-men-s-solid-formal-shirts-for-men-cotton-men-s-wear-for-office-wear-regular-fit-full-sleeve-shirt-for-men-pista-product-images-rvz2cgdctr-0-202401120703.jpg?im=Resize=(500,630)"", ""Link"")","https://www.jiomart.com/images/product/original/rvsmmpge4h/jeenay-synthetic-formal-pants-for-men-mens-fashion-wrinkle-free-stylish-slim-fit-men-s-wear-trouser-pant-for-office-or-party-40-us-sky-blue-product-images-rvsmmpge4h-2-202308130048.jpg?im=Resize=(1000,1000)","=HYPERLINK(""https://fausto.in/cdn/shop/files/FST_FOBMF-1011_BLACK_0-MOOD-SHOT_400x.jpg?v=1705921961"", ""Link"")","=HYPERLINK(""https://woollen-wear.in/image/cache/data/mensjacket/woolcoat/fs/EM677/men-fs-wool-coat-black-b-300x382.jpg"", ""Link"")",,,,,,,,,,,male
C065,winter,office,dark,"=HYPERLINK(""https://imagescdn.vanheusenindia.com/img/app/product/8/802794-9496586.jpg"", ""Link"")",https://imagescdn.allensolly.com/img/app/product/3/39724858-15036475.jpg?auto=format&w=390,"=HYPERLINK(""https://kxadmin.metroshoes.com/product/31-5149-20-36/550/31-5149H20.jpg"", ""Link"")","=HYPERLINK(""https://fabcurate.com/cdn/shop/products/02_1.jpg?v=1672487448&width=1200"", ""Link"")",,,,,,,,,,,female
C066,winter,office,dark,"=HYPERLINK(""https://foreverformals.in/cdn/shop/products/19577030_1.jpg?v=1679987364"", ""Link"")",https://imagescdn.allensolly.com/img/app/product/3/39724876-15036904.jpg?auto=format&w=390,"=HYPERLINK(""https://rukminim2.flixcart.com/image/704/844/xif0q/shoe/h/l/g/-original-imaghxfggwyb8xdu.jpeg?q=90&crop=false"", ""Link"")","=HYPERLINK(""https://fabcurate.com/cdn/shop/products/JKT00091_1.jpg?v=1670488296&width=1200"", ""Link"")",,,,,,,,,,,female
C067,winter,office,fair,"=HYPERLINK(""https://imagescdn.vanheusenindia.com/img/app/product/7/740742-14136600.jpg?auto=format&w=390"", ""Link"")",https://encrypted-tbn0.gstatic.com/images?q=tbn:ANd9GcR8nLLqcTKcrSghBlAP0LxCi-8gcMUx9rU9vg&s,"=HYPERLINK(""https://encrypted-tbn0.gstatic.com/images?q=tbn:ANd9GcRzPqWH_abV4OUQSVWcHbaLG3sfC3GiGtihwg&s"", ""Link"")","=HYPERLINK(""https://www.lavieworld.com/cdn/shop/files/WTPG1370195M3_6.jpg?v=1748861938"", ""Link"")",,,,,,,,,,,female
C068,winter,office,fair,"=HYPERLINK(""https://m.media-amazon.com/images/S/aplus-media-library-service-media/ed918d6d-aca7-4803-b5d1-196e29da97fd.__CR0,0,300,300_PT0_SX300_V1___.jpg "", ""Link"")",https://pantproject.com/cdn/shop/files/close-up_of_Pant_Project_ebony_black_trousers_front.jpg?v=1726635438,"=HYPERLINK(""https://encrypted-tbn0.gstatic.com/images?q=tbn:ANd9GcQM34XrcL1Wm__FE4p7BArI8hcNrVeqI3ojQQ&s"", ""Link"")","=HYPERLINK(""https://www.bows-n-ties.com/32727-home_default/Formal-Wedding-Tie-in-Golden-Champagne.jpg"", ""Link"")",,,,,,,,,,,male
C069,winter,office,fair,"=HYPERLINK(""https://imagescdn.allensolly.com/img/app/product/9/921826-11579878.jpg"", ""Link"")",https://www.powersutra.co/cdn/shop/files/TR229_2.jpg?v=1754651767&width=1500,"=HYPERLINK(""https://fausto.in/cdn/shop/files/FST_FJDWC-7031_BROWN-1_bccbd92a-c272-45f7-ba8b-69d7d6208728_1080x.jpg?v=1740917257"", ""Link"")","=HYPERLINK(""https://www.fastrack.in/dw/image/v2/BKDD_PRD/on/demandware.static/-/Sites-titan-master-catalog/default/dw0037746c/images/Fastrack/Catalog/6296QM01_1.jpg?sw=360&sh=360"", ""Link"")",,,,,,,,,,,female
C070,winter,office,fair,"=HYPERLINK(""https://imagescdn.vanheusenindia.com/img/app/product/7/734760-14136636.jpg?auto=format&w=390"", ""Link"")",https://imagescdn.allensolly.com/img/app/product/3/39724876-15036904.jpg?auto=format&w=390,"=HYPERLINK(""https://5.imimg.com/data5/UF/AJ/NB/SELLER-14679283/ladies-formal-shoes.jpg"", ""Link"")","=HYPERLINK(""https://5.imimg.com/data5/KX/EV/MY-21947894/ladies-full-sleeve-coat-500x500.jpg"", ""Link"")",,,,,,,,,,,female
C071,winter,office,fair,"=HYPERLINK(""https://m.media-amazon.com/images/I/71tcREAo4UL._UY1100_.jpg"", ""Link"")",https://5.imimg.com/data5/ML/RA/CR/SELLER-7425665/formal-pants-500x500.jpg,"=HYPERLINK(""https://www.actionlifestyle.com/cdn/shop/files/44A5120_bbd5a69a-651e-4c26-9202-5ee5bab26747.jpg?v=1715933176"", ""Link"")","=HYPERLINK(""https://images-cdn.ubuy.co.in/65b257de437b7a1b0e7da1f5-coutexyi-men-s-casual-woolen-mid-length.jpg"", ""Link"")",,,,,,,,,,,male
C072,winter,office,fair,"=HYPERLINK(""https://www.hancockfashion.com/cdn/shop/files/MFHanco5598-GREY_10_M.jpg?v=1734411872"", ""Link"")",https://4.imimg.com/data4/VE/IW/MY-10161406/mens-trouser-500x500.jpg,"=HYPERLINK(""https://rukminim2.flixcart.com/image/704/844/xif0q/shoe/x/d/y/-original-imagg5xwyhd4audw.jpeg?q=90&crop=false"", ""Link"")","=HYPERLINK(""https://img.fruugo.com/product/0/85/1566374850_0340_0340.jpg"", ""Link"")",,,,,,,,,,,male
C073,rainy,office,dark,"=HYPERLINK(""https://m.media-amazon.com/images/S/aplus-media-library-service-media/ed918d6d-aca7-4803-b5d1-196e29da97fd.__CR0,0,300,300_PT0_SX300_V1___.jpg "", ""Link"")",https://pantproject.com/cdn/shop/files/close-up_of_Pant_Project_ebony_black_trousers_front.jpg?v=1726635438,"=HYPERLINK(""https://encrypted-tbn0.gstatic.com/images?q=tbn:ANd9GcQM34XrcL1Wm__FE4p7BArI8hcNrVeqI3ojQQ&s"", ""Link"")","=HYPERLINK(""https://www.bows-n-ties.com/32727-home_default/Formal-Wedding-Tie-in-Golden-Champagne.jpg"", ""Link"")",,,,,,,,,,,male
C074,rainy,office,dark,"=HYPERLINK(""https://imagescdn.allensolly.com/img/app/product/9/921826-11579878.jpg"", ""Link"")",https://www.powersutra.co/cdn/shop/files/TR229_2.jpg?v=1754651767&width=1500,"=HYPERLINK(""https://fausto.in/cdn/shop/files/FST_FJDWC-7031_BROWN-1_bccbd92a-c272-45f7-ba8b-69d7d6208728_1080x.jpg?v=1740917257"", ""Link"")","=HYPERLINK(""https://www.fastrack.in/dw/image/v2/BKDD_PRD/on/demandware.static/-/Sites-titan-master-catalog/default/dw0037746c/images/Fastrack/Catalog/6296QM01_1.jpg?sw=360&sh=360"", ""Link"")",,,,,,,,,,,female
C075,rainy,office,dark,"=HYPERLINK(""https://m.media-amazon.com/images/I/712VBy9xJ-L._UY1100_.jpg"", ""Link"")",https://tiimg.tistatic.com/fp/1/008/385/non-toxic-anti-pilling-plain-dyed-button-closure-regular-fit-men-formal-pants-399.jpg,"=HYPERLINK(""https://m.media-amazon.com/images/I/715jHTJLhgL._UY1000_.jpg"", ""Link"")","=HYPERLINK(""https://imagescdn.louisphilippe.com/img/app/product/4/40000401-20407543.jpg?auto=format&w=390"", ""Link"")",,,,,,,,,,,male
C076,rainy,office,dark,"=HYPERLINK(""https://www.reeshopindia.com/wp-content/uploads/2023/08/21c531dd-e03f-469b-9098-713096711cb7_11287246-originnm80prcnt.jpg"", ""Link"")",https://5.imimg.com/data5/OT/UU/MY-14260812/mens-office-pants-500x500.jpg,"=HYPERLINK(""https://www.actionlifestyle.com/cdn/shop/files/SR-153-BLACK_-_1W_3_14c34d14-4696-4bc8-8dc4-95269c80fb4e.jpg?v=1715933322"", ""Link"")","=HYPERLINK(""https://m.media-amazon.com/images/I/71MYgvhMLtL._UY1100_.jpg"", ""Link"")",,,,,,,,,,,male
C077,rainy,office,dark,"=HYPERLINK(""https://img.tatacliq.com/images/i9/437Wx649H/MP000000016425512_437Wx649H_202302071936331.jpeg"", ""Link"")",https://imagescdn.allensolly.com/img/app/product/3/39724858-15036475.jpg?auto=format&w=390,"=HYPERLINK(""https://tiimg.tistatic.com/fp/2/007/470/black-high-heels-office-wear-formal-shoes-for-women-s-girls-303.jpg"", ""Link"")","=HYPERLINK(""https://5.imimg.com/data5/UY/LV/VR/SELLER-12170353/mens-rain-coat.jpg"", ""Link"")",,,,,,,,,,,female
C078,rainy,office,dark,"=HYPERLINK(""https://wholesalecatalogin.b-cdn.net/images/product/2024/11/sabella-women-formal-shirt-vol-4-ladies-formal-shirts-brands-2024-11-26_14_07_19.jpeg"", ""Link"")",https://imagescdn.allensolly.com/img/app/product/3/39724858-15036475.jpg?auto=format&w=390,"=HYPERLINK(""https://5.imimg.com/data5/UF/AJ/NB/SELLER-14679283/ladies-formal-shoes.jpg"", ""Link"")","=HYPERLINK(""https://m.media-amazon.com/images/I/61R6pWl+OYL._UY350_.jpg"", ""Link"")",,,,,,,,,,,female
C079,rainy,office,medium,"=HYPERLINK(""https://www.seasonbazaar.com/wp-content/uploads/2019/08/2019-brand-casual-plaid-luxury-plus-size-long-sleeve-slim-fit-men-shirt-spring-social-dress-2.jpg"", ""Link"")",https://jadeblue.com/cdn/shop/products/bgws_1_1.jpg?v=1685535310,"=HYPERLINK(""https://images.meesho.com/images/products/441226418/l6mba_512.webp?width=512"", ""Link"")","=HYPERLINK(""https://www.carlington.in/cdn/shop/files/Carliongton_premium_black_analog_mens_s_watch_6020.jpg?v=1712818158"", ""Link"")",,,,,,,,,,,male
C080,rainy,office,medium,"=HYPERLINK(""https://rukminim2.flixcart.com/image/514/616/xif0q/shirt/o/y/a/s-crttop-09-classi-kaari-original-imaheph9hubmfsdf.jpeg?q=90&crop=false"", ""Link"")",https://imagescdn.allensolly.com/img/app/product/3/39724858-15036475.jpg,"=HYPERLINK(""https://admin.mochishoes.com/product/31-254/660/31-254LA11.jpg"", ""Link"")","=HYPERLINK(""https://justintime.in/cdn/shop/products/1MFwC74mqzm0vdx4a7PKVTbLlrfKrXAim.jpg?v=1697178049&width=1946"", ""Link"")",,,,,,,,,,,female
C081,rainy,office,medium,"=HYPERLINK(""https://imagescdn.pantaloons.com/img/app/product/9/940850-12065046.JPG?auto=format&w=450"", ""Link"")",https://m.media-amazon.com/images/I/61XzhGF0clL._UY1100_.jpg,"=HYPERLINK(""https://kxadmin.metroshoes.com/product/31-255/550/31-255H11.jpg"", ""Link"")","=HYPERLINK(""https://cdn.shopify.com/s/files/1/0250/7774/3676/files/9_a282fb0a-cd0f-46ec-89bb-262b6f99a2ff_480x480.jpg?v=1714569986"", ""Link"")",,,,,,,,,,,female
C082,rainy,office,medium,"=HYPERLINK(""https://images.meesho.com/images/products/328276418/z813d_512.jpg"", ""Link"")",https://5.imimg.com/data5/WL/QQ/MY-63234131/ladies-office-pant.jpg,"=HYPERLINK(""https://5.imimg.com/data5/SELLER/Default/2021/2/ZA/WP/GV/6221659/womens-leather-office-shoes.jpg"", ""Link"")","=HYPERLINK(""https://contents.mediadecathlon.com/p2815203/a096f07cac5cfa8853e99c31b3a17fc0/p2815203.jpg"", ""Link"")",,,,,,,,,,,female
C083,rainy,office,medium,"=HYPERLINK(""https://5.imimg.com/data5/ECOM/Default/2022/5/FU/PB/MZ/152906631/mens-printed-shirts-1547452067-4644511-500x500.jpg"", ""Link"")","https://www.jiomart.com/images/product/original/rvso3ivrzo/jeenay-synthetic-formal-pants-for-men-mens-fashion-wrinkle-free-stylish-slim-fit-men-s-wear-trouser-pant-for-office-or-party-40-us-khakhi-product-images-rvso3ivrzo-0-202308130009.jpg?im=Resize=(500,630)","=HYPERLINK(""https://images.meesho.com/images/products/343090674/6ovao_512.webp?width=512"", ""Link"")","=HYPERLINK(""https://m.media-amazon.com/images/I/61rI+aPyupL._AC_SY879_.jpg"", ""Link"")",,,,,,,,,,,male
C084,rainy,office,medium,"=HYPERLINK(""https://www.alayacotton.in/cdn/shop/files/03.jpg?v=1739189048&width=1100"", ""Link"")",https://vardo.co.in/cdn/shop/files/Dark_Brown_1_3abb6593-1034-4c0c-9842-a8362db60fd0.png?v=1751015397,"=HYPERLINK(""https://fausto.in/cdn/shop/files/FST_FOBMF-1011_TAN_0-MOOD-SHOT_400x.jpg?v=1705922042"", ""Link"")","=HYPERLINK(""https://assets.myntassets.com/w_412,q_30,dpr_3,fl_progressive,f_webp/assets/images/29651772/2024/5/21/a34250d3-baff-4cfc-9ae4-e0486c82ce9b1716267952773ZeelMenWaterproofRainJacket1.jpg"", ""Link"")",,,,,,,,,,,male
C085,rainy,office,fair,"=HYPERLINK(""https://imagescdn.allensolly.com/img/app/product/3/39691778-14143482.jpg?auto=format&w=390"", ""Link"")",https://tiimg.tistatic.com/fp/1/008/329/regular-fit-plain-knitted-breathable-zipper-closure-cotton-men-s-formal-pant-780.jpg,"=HYPERLINK(""https://m.media-amazon.com/images/I/81lPcWWgVML._UY1000_.jpg"", ""Link"")","=HYPERLINK(""https://xcdn.next.co.uk/Common/Items/Default/Default/ItemImages/3_4Ratio/Search/Lge/N33326.jpg?im=Resize,width=450"", ""Link"")",,,,,,,,,,,male
C086,rainy,office,fair,"=HYPERLINK(""https://5.imimg.com/data5/SELLER/Default/2021/12/XF/WC/BG/117714703/women-plain-shirt-6.jpg"", ""Link"")",https://5.imimg.com/data5/ECOM/Default/2024/11/465295537/MM/WG/UT/199136748/zry9g-512-500x500.webp,"=HYPERLINK(""https://m.media-amazon.com/images/I/61aZBX+iGXS._UY1000_.jpg"", ""Link"")","=HYPERLINK(""https://encrypted-tbn0.gstatic.com/images?q=tbn:ANd9GcTrx2wHFjo3YuSJWVUn8I0oRq25y7VBC5iMyP16vpZ8ykje_XXM-TvnKkgEjkvp71FaRRY&usqp=CAU"", ""Link"")",,,,,,,,,,,female
C087,rainy,office,fair,"=HYPERLINK(""https://m.media-amazon.com/images/I/51UdAFvxW5L._SY350_.jpg"", ""Link"")",https://encrypted-tbn0.gstatic.com/images?q=tbn:ANd9GcTPh6hRsFb30gv3awiGv1XOlW5IdEw9kpsb5_LozpkcSmrIPan9Rhc8daKn7BlwDkLJw6o&usqp=CAU,"=HYPERLINK(""https://m.media-amazon.com/images/I/61qW4fR45FL._UY1000_.jpg"", ""Link"")","=HYPERLINK(""https://data.glamood.com/imgprodotto/cc-collection-two-tone-polka-dots-ascot-tie_1604915_list.jpg"", ""Link"")",,,,,,,,,,,male
C088,rainy,office,fair,"=HYPERLINK(""https://5.imimg.com/data5/ECOM/Default/2022/5/FU/PB/MZ/152906631/mens-printed-shirts-1547452067-4644511-500x500.jpg"", ""Link"")","https://www.jiomart.com/images/product/original/rvso3ivrzo/jeenay-synthetic-formal-pants-for-men-mens-fashion-wrinkle-free-stylish-slim-fit-men-s-wear-trouser-pant-for-office-or-party-40-us-khakhi-product-images-rvso3ivrzo-0-202308130009.jpg?im=Resize=(500,630)","=HYPERLINK(""https://images.meesho.com/images/products/343090674/6ovao_512.webp?width=512"", ""Link"")","=HYPERLINK(""https://m.media-amazon.com/images/I/61rI+aPyupL._AC_SY879_.jpg"", ""Link"")",,,,,,,,,,,male
C089,rainy,office,fair,"=HYPERLINK(""https://images.meesho.com/images/products/328276418/z813d_512.jpg"", ""Link"")",https://images.meesho.com/images/products/328276418/z813d_512.jpg,"=HYPERLINK(""https://5.imimg.com/data5/SELLER/Default/2021/2/ZA/WP/GV/6221659/womens-leather-office-shoes.jpg"", ""Link"")","=HYPERLINK(""https://5.imimg.com/data5/SELLER/Default/2021/2/ZA/WP/GV/6221659/womens-leather-office-shoes.jpg"", ""Link"")",,,,,,,,,,,female
C090,rainy,office,fair,"=HYPERLINK(""https://5.imimg.com/data5/SELLER/Default/2021/12/XF/WC/BG/117714703/women-plain-shirt-6.jpg"", ""Link"")",https://5.imimg.com/data5/ECOM/Default/2024/11/465295537/MM/WG/UT/199136748/zry9g-512-500x500.webp,"=HYPERLINK(""https://m.media-amazon.com/images/I/61aZBX+iGXS._UY1000_.jpg"", ""Link"")","=HYPERLINK(""https://encrypted-tbn0.gstatic.com/images?q=tbn:ANd9GcTrx2wHFjo3YuSJWVUn8I0oRq25y7VBC5iMyP16vpZ8ykje_XXM-TvnKkgEjkvp71FaRRY&usqp=CAU"", ""Link"")",,,,,,,,,,,female
C091,rainy,marriage,dark,"=HYPERLINK(""https://encrypted-tbn0.gstatic.com/images?q=tbn:ANd9GcTrx2wHFjo3YuSJWVUn8I0oRq25y7VBC5iMyP16vpZ8ykje_XXM-TvnKkgEjkvp71FaRRY&usqp=CAU"", ""Link"")",https://i.pinimg.com/1200x/2b/d7/97/2bd79780b8200f54d02684e8f999abf5.jpg,"=HYPERLINK(""https://encrypted-tbn0.gstatic.com/images?q=tbn:ANd9GcTTspvM9VfH6-qIs028sMFBBcQz00hyKyJ6Uw&s"", ""Link"")","=HYPERLINK(""https://m.media-amazon.com/images/I/71DFq2iT-bL._UY1000_.jpg"", ""Link"")",,,,,,,,,,,female
C092,rainy,marriage,dark,"=HYPERLINK(""https://images.prismic.io/milanmagic/b143f022-e719-4b43-83c8-a439fd66593e_1+blue+tuxedo.jpg?auto=compress,format&rect=0,0,1365,2048&w=740&h=1110"", ""Link"")",https://de-royal.com/cdn/shop/files/H10713305.jpg?crop=region&crop_height=1524&crop_left=89&crop_top=0&crop_width=1021&v=1741333142&width=1200,"=HYPERLINK(""https://www.shutiq.com/cdn/shop/files/FLORA_IVORY_1_d88aa71d-7165-4fab-b9ba-20e28e86b060.jpg?v=1745591012&width=1600"", ""Link"")","=HYPERLINK(""https://encrypted-tbn0.gstatic.com/images?q=tbn:ANd9GcRwnuVoHpEVxl4MjUvqGE-YdCxZIvt2oh3AEyPN6zwvir_if1mb3sfTRWUE2cGjfIaz6tk&usqp=CAU"", ""Link"")",,,,,,,,,,,male
C093,rainy,marriage,dark,"=HYPERLINK(""https://encrypted-tbn0.gstatic.com/images?q=tbn:ANd9GcRnaZ9xXC80z5idGgoYN3j2SMzMsEa-OICzyQ&s"", ""Link"")",https://i.pinimg.com/236x/15/14/c7/1514c7a826bf82522c2f245388466750.jpg,"=HYPERLINK(""https://encrypted-tbn0.gstatic.com/images?q=tbn:ANd9GcQ375TAy1LMSzzC-J8tzN8UDZI88zpboTygmhQolCjs7Y6WKCNUZAo6tDd-bMUt9UcfgJo&usqp=CAU"", ""Link"")","=HYPERLINK(""https://encrypted-tbn0.gstatic.com/images?q=tbn:ANd9GcRdk75kev5tEo3pXZ1gOfwcPNRL-nneZ8suhzWVt02NGr2kvwyBj9p_Ie7-VHlLUwU_v2g&usqp=CAU"", ""Link"")",,,,,,,,,,,male
C094,rainy,marriage,dark,"=HYPERLINK(""https://assets0.mirraw.com/images/12475155/image_long_webp.webp?1716279679"", ""Link"")",https://i.pinimg.com/736x/00/54/1b/00541bbb147e7c290992464528bc6783.jpg,"=HYPERLINK(""https://www.shutiq.com/cdn/shop/products/raine_navy_1.jpg?v=1625649242&width=2048"", ""Link"")","=HYPERLINK(""https://m.media-amazon.com/images/I/51AfiZvkE9L._UY350_.jpg"", ""Link"")",,,,,,,,,,,male
C095,rainy,marriage,dark,"=HYPERLINK(""https://encrypted-tbn0.gstatic.com/images?q=tbn:ANd9GcQPRemtaX3wbnYNq-Psdf4M_SmVxEftRlPGyQ&s"", ""Link"")","https://www.jiomart.com/images/product/original/rv7ujzgicn/purseo-women-s-girls-clutch-bag-purse-handbag-wedding-bridal-gathering-functions-gold-product-images-rv7ujzgicn-0-202308241721.jpg?im=Resize=(1000,1000)","=HYPERLINK(""https://encrypted-tbn0.gstatic.com/images?q=tbn:ANd9GcQafnqWmEzOU16-gfJJzdjmD2Dfz_QlBF73bQ&s"", ""Link"")","=HYPERLINK(""https://i.etsystatic.com/14565481/r/il/d2e3e6/6440472958/il_fullxfull.6440472958_21vy.jpg"", ""Link"")",,,,,,,,,,,female
C096,rainy,marriage,dark,"=HYPERLINK(""https://i.pinimg.com/1200x/4c/5a/01/4c5a0173a72b03994244808caa149b97.jpg"", ""Link"")",https://encrypted-tbn0.gstatic.com/images?q=tbn:ANd9GcT-89Dy8ibv5yG-HJ3tYkx4_PJloL1BB0IWdA&s,"=HYPERLINK(""https://kxadmin.metroshoes.com/product/54-151-15-36/1200/54-151RF15.jpg"", ""Link"")","=HYPERLINK(""https://encrypted-tbn0.gstatic.com/images?q=tbn:ANd9GcRYosHG54nSDFpJ_5hWrSBfxTwguEgMX9EFF4IoUCQyiHtHq38ZqXCRMvl4mikB77LMSWE&usqp=CAU"", ""Link"")",,,,,,,,,,,female
C097,rainy,marriage,medium,"=HYPERLINK(""https://encrypted-tbn0.gstatic.com/images?q=tbn:ANd9GcQPRemtaX3wbnYNq-Psdf4M_SmVxEftRlPGyQ&s"", ""Link"")","https://www.jiomart.com/images/product/original/rv7ujzgicn/purseo-women-s-girls-clutch-bag-purse-handbag-wedding-bridal-gathering-functions-gold-product-images-rv7ujzgicn-0-202308241721.jpg?im=Resize=(1000,1000)","=HYPERLINK(""https://encrypted-tbn0.gstatic.com/images?q=tbn:ANd9GcQafnqWmEzOU16-gfJJzdjmD2Dfz_QlBF73bQ&s"", ""Link"")","=HYPERLINK(""https://i.etsystatic.com/14565481/r/il/d2e3e6/6440472958/il_fullxfull.6440472958_21vy.jpg"", ""Link"")",,,,,,,,,,,female
C098,rainy,marriage,medium,"=HYPERLINK(""https://assets0.mirraw.com/images/12475155/image_long_webp.webp?1716279679"", ""Link"")",https://i.pinimg.com/736x/00/54/1b/00541bbb147e7c290992464528bc6783.jpg,"=HYPERLINK(""https://www.shutiq.com/cdn/shop/products/raine_navy_1.jpg?v=1625649242&width=2048"", ""Link"")","=HYPERLINK(""https://m.media-amazon.com/images/I/51AfiZvkE9L._UY350_.jpg"", ""Link"")",,,,,,,,,,,male
C099,rainy,marriage,medium,"=HYPERLINK(""https://i.pinimg.com/1200x/4c/5a/01/4c5a0173a72b03994244808caa149b97.jpg"", ""Link"")",https://encrypted-tbn0.gstatic.com/images?q=tbn:ANd9GcT-89Dy8ibv5yG-HJ3tYkx4_PJloL1BB0IWdA&s,"=HYPERLINK(""https://kxadmin.metroshoes.com/product/54-151-15-36/1200/54-151RF15.jpg"", ""Link"")","=HYPERLINK(""https://encrypted-tbn0.gstatic.com/images?q=tbn:ANd9GcRYosHG54nSDFpJ_5hWrSBfxTwguEgMX9EFF4IoUCQyiHtHq38ZqXCRMvl4mikB77LMSWE&usqp=CAU"", ""Link"")",,,,,,,,,,,female
C100,rainy,marriage,medium,"=HYPERLINK(""https://5.imimg.com/data5/SELLER/Default/2024/10/457225723/GA/MJ/ZG/10720584/01-500x500.jpeg"", ""Link"")",https://rukminim2.flixcart.com/image/704/844/knqd3m80/sling-bag/q/d/x/bridal-handbags-for-wedding-party-wear-bridal-clutch-bag-handbag-original-imag2cfntc8b8sxg.jpeg?q=90&crop=false,"=HYPERLINK(""https://admin.mochishoes.com/product/35-1763/660/35-1763-28-36-1.JPG"", ""Link"")","=HYPERLINK(""https://m.media-amazon.com/images/I/41yAnGHofqL._UY350_.jpg"", ""Link"")",,,,,,,,,,,female
C101,rainy,marriage,medium,"=HYPERLINK(""https://i.pinimg.com/736x/bd/c3/ee/bdc3eebd3847fdadc8f4ec58123b0196.jpg"", ""Link"")",https://www.sonatawatches.in/dw/image/v2/BKDD_PRD/on/demandware.static/-/Sites-titan-master-catalog/default/dw2a2f5901/images/Sonata/Catalog/77156SM01_1.jpg?sw=360&sh=360,"=HYPERLINK(""https://i.etsystatic.com/9947351/r/il/d971c2/5642551803/il_570xN.5642551803_et9w.jpg"", ""Link"")","=HYPERLINK(""https://www.totes.com/cdn/shop/products/9302_GRY_alt2.jpg?v=1747944317&width=1500"", ""Link"")",,,,,,,,,,,male
C102,rainy,marriage,medium,"=HYPERLINK(""https://manyavar.scene7.com/is/image/manyavar/SOSK092-303-BISCUIT.37372_17-11-2023-18-36:283x395?&dpr=on,2"", ""Link"")",https://www.sonatawatches.in/dw/image/v2/BKDD_PRD/on/demandware.static/-/Sites-titan-master-catalog/default/dw943bcbc6/images/Sonata/Catalog/77154KM01_1.jpg?sw=360&sh=360,"=HYPERLINK(""https://encrypted-tbn0.gstatic.com/images?q=tbn:ANd9GcQCfrU-CD7yziV3pi_HiUVvhp0_mixEuCq-9FAYmv35ZqADWJ8CPHo3NhSp3S6YOobLfUk&usqp=CAU"", ""Link"")","=HYPERLINK(""https://m.media-amazon.com/images/I/61MAHNaCAmL._UF1000,1000_QL80_.jpg"", ""Link"")",,,,,,,,,,,male
C103,rainy,marriage,fair,"=HYPERLINK(""https://encrypted-tbn0.gstatic.com/images?q=tbn:ANd9GcR4ThZ2WfpYKWv1xShcpb7725jLpNFfzcocMw&s"", ""Link"")",https://images-static.nykaa.com/media/catalog/product/6/4/64fa349YCHAVN-375FLWPRL-WH_1.jpg?tr=w-500,"=HYPERLINK(""https://i.etsystatic.com/6900838/r/il/678635/3506016783/il_1080xN.3506016783_51vx.jpg"", ""Link"")","=HYPERLINK(""https://encrypted-tbn0.gstatic.com/images?q=tbn:ANd9GcTNsXAximpd12jnYGw6UikfcxADQzg0Z2MoZA&s"", ""Link"")",,,,,,,,,,,female
C104,rainy,marriage,fair,"=HYPERLINK(""https://i.pinimg.com/236x/c5/df/d0/c5dfd055f420d5b28382a824c0c991e1.jpg"", ""Link"")",https://encrypted-tbn0.gstatic.com/images?q=tbn:ANd9GcQ1As7mJAsOj8Xwli7t7O8NKsS_g6F7eExgIM8Zwo5RrIk-pzTfGI2RCg6X98qEOUa6O7I&usqp=CAU,"=HYPERLINK(""https://encrypted-tbn0.gstatic.com/images?q=tbn:ANd9GcSx1YfvS1i1oJ1atO9JmtpOvaexX4DJpl_9dg&s"", ""Link"")","=HYPERLINK(""https://m.media-amazon.com/images/I/515kdL0VM1L.jpg"", ""Link"")",,,,,,,,,,,male
C105,rainy,marriage,fair,"=HYPERLINK(""https://encrypted-tbn0.gstatic.com/images?q=tbn:ANd9GcR6vgAuweLkTSbmM4cA1cHmrizAGTIQWb9pxA&s"", ""Link"")",https://encrypted-tbn0.gstatic.com/images?q=tbn:ANd9GcR7nCelbcQVdYLmlQwgiMabunJnEQX4sJrBDIC57QyKX5XvBkboxD3AyPk6nYlM2K5Ed1E&usqp=CAU,"=HYPERLINK(""https://i.etsystatic.com/6691067/r/il/8521c1/5833395644/il_570xN.5833395644_p4o3.jpg"", ""Link"")","=HYPERLINK(""https://cdn.shopify.com/s/files/1/0692/8321/7683/files/Calvin_Klein_25200424_Elated_Watch-removebg-preview_480x480.png?v=1703248912"", ""Link"")",,,,,,,,,,,female
C106,rainy,marriage,fair,"=HYPERLINK(""https://5.imimg.com/data5/SELLER/Default/2024/10/457225723/GA/MJ/ZG/10720584/01-500x500.jpeg"", ""Link"")",https://rukminim2.flixcart.com/image/704/844/knqd3m80/sling-bag/q/d/x/bridal-handbags-for-wedding-party-wear-bridal-clutch-bag-handbag-original-imag2cfntc8b8sxg.jpeg?q=90&crop=false,"=HYPERLINK(""https://admin.mochishoes.com/product/35-1763/660/35-1763-28-36-1.JPG"", ""Link"")","=HYPERLINK(""https://m.media-amazon.com/images/I/41yAnGHofqL._UY350_.jpg"", ""Link"")",,,,,,,,,,,female
C107,rainy,marriage,fair,"=HYPERLINK(""https://i.pinimg.com/736x/bd/c3/ee/bdc3eebd3847fdadc8f4ec58123b0196.jpg"", ""Link"")",https://www.sonatawatches.in/dw/image/v2/BKDD_PRD/on/demandware.static/-/Sites-titan-master-catalog/default/dw2a2f5901/images/Sonata/Catalog/77156SM01_1.jpg?sw=360&sh=360,"=HYPERLINK(""https://i.etsystatic.com/9947351/r/il/d971c2/5642551803/il_570xN.5642551803_et9w.jpg"", ""Link"")","=HYPERLINK(""https://www.totes.com/cdn/shop/products/9302_GRY_alt2.jpg?v=1747944317&width=1500"", ""Link"")",,,,,,,,,,,male
C108,rainy,marriage,fair,"=HYPERLINK(""https://manyavar.scene7.com/is/image/manyavar/SOSK092-303-BISCUIT.37372_17-11-2023-18-36:283x395?&dpr=on,2"", ""Link"")",https://www.sonatawatches.in/dw/image/v2/BKDD_PRD/on/demandware.static/-/Sites-titan-master-catalog/default/dw943bcbc6/images/Sonata/Catalog/77154KM01_1.jpg?sw=360&sh=360,"=HYPERLINK(""https://encrypted-tbn0.gstatic.com/images?q=tbn:ANd9GcQCfrU-CD7yziV3pi_HiUVvhp0_mixEuCq-9FAYmv35ZqADWJ8CPHo3NhSp3S6YOobLfUk&usqp=CAU"", ""Link"")","=HYPERLINK(""https://m.media-amazon.com/images/I/61MAHNaCAmL._UF1000,1000_QL80_.jpg"", ""Link"")",,,,,,,,,,,male
C109,rainy,trip,dark,"=HYPERLINK(""https://cdn.shopify.com/s/files/1/0349/9969/7544/files/GRWS24JV2410WHT_1_4cfb5174-200f_1_480x480.png?v=1719913792"", ""Link"")","https://www.jiomart.com/images/product/original/rvy8qd6oqa/axaka-rainy-season-use-hand-rainbow-umbrella-for-men-and-women-multicolour-product-images-orvy8qd6oqa-p602723706-1-202306261307.jpg?im=Resize=(420,420)","=HYPERLINK(""https://encrypted-tbn0.gstatic.com/images?q=tbn:ANd9GcT_S0zCrSYgGrWM_j-lbpVv3sagBuBRlc0cJQ&s"", ""Link"")","=HYPERLINK(""https://cdn.dotpe.in/longtail/store-items/1112040/tnFu5kTI.jpeg"", ""Link"")",,,,,,,,,,,female
C110,rainy,trip,dark,"=HYPERLINK(""https://encrypted-tbn0.gstatic.com/images?q=tbn:ANd9GcQ9PKMZyPbZ4SGUcKkBSGBj8XokBmE_FaNkIeGhh1b9Z9QRUIKC8NUD0r7CACTcVdn93d4&usqp=CAU"", ""Link"")",https://m.media-amazon.com/images/I/71M0izJkyHL._UY350_.jpg,"=HYPERLINK(""https://cdn.fynd.com/v2/falling-surf-7c8bb8/fyprod/wrkr/products/pictures/item/free/original/000000451024402009/v1OAG51V99P-RCLG001-Navy-Red-(1).jpg"", ""Link"")","=HYPERLINK(""https://m.media-amazon.com/images/I/71-1F3ZrKUL.jpg"", ""Link"")",,,,,,,,,,,male
C111,rainy,trip,dark,"=HYPERLINK(""https://cdn.shopify.com/s/files/1/0349/9969/7544/files/GRES24JV6068BLU_2_a7947e3a-a62e_480x480.png?v=1719913752"", ""Link"")",https://encrypted-tbn0.gstatic.com/images?q=tbn:ANd9GcS5GptYuhOLxnLYMeSxQj4Gxkc5mBbYN2L2sw&s,"=HYPERLINK(""https://m.media-amazon.com/images/I/41G7VzCliML._UY1000_.jpg"", ""Link"")","=HYPERLINK(""https://watchwear.eu/wp-content/uploads/fly-images/480420/20010_muse_aw24_pack_1-585x744-c.jpg"", ""Link"")",,,,,,,,,,,female
C112,rainy,trip,dark,"=HYPERLINK(""https://assets.myntassets.com/w_412,q_60,dpr_2,fl_progressive/assets/images/19033184/2023/9/14/079f02e3-503c-4c66-9464-4469882f30871694665738571-Sangria-Printed-Wrap-Dress-with-Pockets-8001694665737892-1.jpg"", ""Link"")",https://encrypted-tbn0.gstatic.com/images?q=tbn:ANd9GcR1LmKc7yESzQaVGV5G8tQjylJFfN79br9gJQ&s,"=HYPERLINK(""https://m.media-amazon.com/images/I/61ifWp8KIrL._UY300_.jpg"", ""Link"")","=HYPERLINK(""https://media.istockphoto.com/id/174670729/photo/yellow-vinyl-rain-hat.jpg?s=612x612&w=0&k=20&c=KIsL3ygy7gtjVBlBmR9FwF23hGlOR6KRSUqO3wVHAdU="", ""Link"")",,,,,,,,,,,female
C113,rainy,trip,dark,"=HYPERLINK(""https://encrypted-tbn0.gstatic.com/images?q=tbn:ANd9GcQWQn2aTGnrjim30H_7nQFsEKIu0F40IIlbTDmaioM-QqqxCkDE-9KPJgYEAWMuWChMzqU&usqp=CAU"", ""Link"")",https://m.media-amazon.com/images/I/610cTTmwWBL._UY1100_.jpg,"=HYPERLINK(""https://www.walkaroo.in/cdn/shop/files/WC4703-GENTS-TAN-3.jpg?v=1753514853&width=1600"", ""Link"")","=HYPERLINK(""https://static5.lenskart.com/media/catalog/product/pro/1/thumbnail/656x464/9df78eab33525d08d6e5fb8d27136e95//l/i/black-gunmetal-black-full-rim-wayfarer-lenskart-air-fusion-la-e13068---c1-eyeglasses_lenskart-air-la-e13032-c1-eyeglasses_g_2000_05_july23.jpg"", ""Link"")",,,,,,,,,,,male
C114,rainy,trip,dark,"=HYPERLINK(""https://encrypted-tbn0.gstatic.com/images?q=tbn:ANd9GcSCv7bNe4wvxIHRDoVY9Hu9baSDbeMu_KOqHtpcM-TF6GF_wRVMwd3siVaqUJhWW2hOW_o&usqp=CAU"", ""Link"")",https://encrypted-tbn0.gstatic.com/images?q=tbn:ANd9GcRXwtHGuZ6mc_xO02AHohSRWjHmNeyduknuTObSd_44Ad8hr0G6ZVHYevQtY9J6_dZ-yj8&usqp=CAU,"=HYPERLINK(""https://admin.mochishoes.com/product/207-28/660/207-28H11.jpg"", ""Link"")","=HYPERLINK(""https://d39l2hkdp2esp1.cloudfront.net/img/photo/136621/136621_00_2x.jpg"", ""Link"")",,,,,,,,,,,male
C115,rainy,trip,medium,"=HYPERLINK(""https://encrypted-tbn0.gstatic.com/images?q=tbn:ANd9GcSCv7bNe4wvxIHRDoVY9Hu9baSDbeMu_KOqHtpcM-TF6GF_wRVMwd3siVaqUJhWW2hOW_o&usqp=CAU"", ""Link"")",https://encrypted-tbn0.gstatic.com/images?q=tbn:ANd9GcRXwtHGuZ6mc_xO02AHohSRWjHmNeyduknuTObSd_44Ad8hr0G6ZVHYevQtY9J6_dZ-yj8&usqp=CAU,"=HYPERLINK(""https://admin.mochishoes.com/product/207-28/660/207-28H11.jpg"", ""Link"")","=HYPERLINK(""https://d39l2hkdp2esp1.cloudfront.net/img/photo/136621/136621_00_2x.jpg"", ""Link"")",,,,,,,,,,,male
C116,rainy,trip,medium,"=HYPERLINK(""https://assets.myntassets.com/w_412,q_60,dpr_2,fl_progressive/assets/images/19033184/2023/9/14/079f02e3-503c-4c66-9464-4469882f30871694665738571-Sangria-Printed-Wrap-Dress-with-Pockets-8001694665737892-1.jpg"", ""Link"")",https://encrypted-tbn0.gstatic.com/images?q=tbn:ANd9GcR1LmKc7yESzQaVGV5G8tQjylJFfN79br9gJQ&s,"=HYPERLINK(""https://m.media-amazon.com/images/I/61ifWp8KIrL._UY300_.jpg"", ""Link"")","=HYPERLINK(""https://media.istockphoto.com/id/174670729/photo/yellow-vinyl-rain-hat.jpg?s=612x612&w=0&k=20&c=KIsL3ygy7gtjVBlBmR9FwF23hGlOR6KRSUqO3wVHAdU="", ""Link"")",,,,,,,,,,,female
C117,rainy,trip,medium,"=HYPERLINK(""https://encrypted-tbn0.gstatic.com/images?q=tbn:ANd9GcQWQn2aTGnrjim30H_7nQFsEKIu0F40IIlbTDmaioM-QqqxCkDE-9KPJgYEAWMuWChMzqU&usqp=CAU"", ""Link"")",https://m.media-amazon.com/images/I/610cTTmwWBL._UY1100_.jpg,"=HYPERLINK(""https://www.walkaroo.in/cdn/shop/files/WC4703-GENTS-TAN-3.jpg?v=1753514853&width=1600"", ""Link"")","=HYPERLINK(""https://static5.lenskart.com/media/catalog/product/pro/1/thumbnail/656x464/9df78eab33525d08d6e5fb8d27136e95//l/i/black-gunmetal-black-full-rim-wayfarer-lenskart-air-fusion-la-e13068---c1-eyeglasses_lenskart-air-la-e13032-c1-eyeglasses_g_2000_05_july23.jpg"", ""Link"")",,,,,,,,,,,male
C118,rainy,trip,medium,"=HYPERLINK(""https://wearthree.com/cdn/shop/products/fringe-applique-shirt-white-704671.jpg?v=1752648538&width=1024"", ""Link"")",https://encrypted-tbn0.gstatic.com/images?q=tbn:ANd9GcQNxqkHGGyiO48zvx6mCjDX6XIcpL_2w8UUdgWgseB-gJ9IqszTPBUXp1UhYOL_u3-6jTE&usqp=CAU,"=HYPERLINK(""https://www.jiomart.com/images/product/original/rvuj7odols/keneye-breathable-comfortable-outdoor-waterproff-rainy-season-black-clog-for-men-s-product-images-rvuj7odols-5-202311041818.jpg?im=Resize=(500,630)"", ""Link"")","=HYPERLINK(""https://img.freepik.com/free-vector/realistic-blue-umbrella_1284-11412.jpg?semt=ais_hybrid&w=740&q=80"", ""Link"")",,,,,,,,,,,male
C119,rainy,trip,medium,"=HYPERLINK(""https://hips.hearstapps.com/hmg-prod/images/guest-wears-sunglasses-a-necklace-bracelets-a-black-celine-news-photo-1718313140.jpg?crop=0.99992xw:1xh;center,top&resize=980:*"", ""Link"")",https://m.media-amazon.com/images/I/61xVb96Q71L._AC_SL1500_.jpg,"=HYPERLINK(""https://www.birkenstock.in/cdn/shop/files/1029352_sole.png?v=1740145555"", ""Link"")","=HYPERLINK(""https://destinio.in/cdn/shop/files/23inchBlackUmbrella_2.jpg?v=1747808078&width=1080"", ""Link"")",,,,,,,,,,,female
C120,rainy,trip,medium,"=HYPERLINK(""https://i.pinimg.com/474x/0b/5b/5b/0b5b5ba143ae18013019e9e8f18b97d7.jpg"", ""Link"")",https://encrypted-tbn0.gstatic.com/images?q=tbn:ANd9GcR1p64K3s2VVkLM9W2f7ky-qeYtvkD0tYyAFQ&s,"=HYPERLINK(""https://m.media-amazon.com/images/I/71c32sajOeL._UY300_.jpg"", ""Link"")","=HYPERLINK(""https://encrypted-tbn0.gstatic.com/images?q=tbn:ANd9GcQOaxndgsCcv6ueKBXurenZSR6pPB3sQ5c4Eg&s"", ""Link"")",,,,,,,,,,,female
C121,rainy,trip,fair,"=HYPERLINK(""https://i.pinimg.com/474x/0b/5b/5b/0b5b5ba143ae18013019e9e8f18b97d7.jpg"", ""Link"")",https://encrypted-tbn0.gstatic.com/images?q=tbn:ANd9GcR1p64K3s2VVkLM9W2f7ky-qeYtvkD0tYyAFQ&s,"=HYPERLINK(""https://m.media-amazon.com/images/I/71c32sajOeL._UY300_.jpg"", ""Link"")","=HYPERLINK(""https://encrypted-tbn0.gstatic.com/images?q=tbn:ANd9GcQOaxndgsCcv6ueKBXurenZSR6pPB3sQ5c4Eg&s"", ""Link"")",,,,,,,,,,,female
C122,rainy,trip,fair,"=HYPERLINK(""https://blackberrys.com/cdn/shop/articles/blog_image.jpg?v=1752472034&width=2048"", ""Link"")",https://encrypted-tbn0.gstatic.com/images?q=tbn:ANd9GcSz5VDJdRtd-CYvwXbIeoZPPV-fueCtCBO5PA&s,"=HYPERLINK(""https://cdn.fynd.com/v2/falling-surf-7c8bb8/fyprod/wrkr/products/pictures/item/free/original/000000451024403009/MzDux_cR4VD-RCLG002_-Khaki-Yellow-(1).jpg"", ""Link"")","=HYPERLINK(""https://encrypted-tbn0.gstatic.com/images?q=tbn:ANd9GcSd97W2ep1O4N1Amilr5SRpmdZ3LoItiZo6xQ&s"", ""Link"")",,,,,,,,,,,male
C123,rainy,trip,fair,"=HYPERLINK(""https://i.pinimg.com/736x/9a/91/28/9a9128a3d71bd2e6194f9276eb14d6e7.jpg"", ""Link"")",https://www.shutterstock.com/image-photo/open-modern-transparent-umbrella-isolated-260nw-1450355588.jpg,"=HYPERLINK(""https://images.meesho.com/images/products/314485758/zsp0b_512.webp?width=512"", ""Link"")","=HYPERLINK(""https://t4.ftcdn.net/jpg/14/74/12/69/360_F_1474126957_EFoNBhbwu7uf0qTNUb5THdoJy82z9Sf7.jpg"", ""Link"")",,,,,,,,,,,female
C124,rainy,trip,fair,"=HYPERLINK(""https://hips.hearstapps.com/hmg-prod/images/guest-wears-sunglasses-a-necklace-bracelets-a-black-celine-news-photo-1718313140.jpg?crop=0.99992xw:1xh;center,top&resize=980:*"", ""Link"")",https://m.media-amazon.com/images/I/61xVb96Q71L._AC_SL1500_.jpg,"=HYPERLINK(""https://www.birkenstock.in/cdn/shop/files/1029352_sole.png?v=1740145555"", ""Link"")","=HYPERLINK(""https://destinio.in/cdn/shop/files/23inchBlackUmbrella_2.jpg?v=1747808078&width=1080"", ""Link"")",,,,,,,,,,,female
C125,rainy,trip,fair,"=HYPERLINK(""https://images.bewakoof.com/uploads/grid/app/white-shirt-with-shorts-bewakoof-blog-7-1604989074.jpg"", ""Link"")",https://romanonx.com/cdn/shop/products/duckback-waterproof-hooded-long-raincoat-men-in-a-storage-bag-romanonxcom-645750_1024x1024.jpg?v=1624701177,"=HYPERLINK(""https://tiimg.tistatic.com/fp/1/007/723/fancy-black-white-colour-mens-slippers-for-winter-rainy-spring-other-seasons--642.jpg"", ""Link"")","=HYPERLINK(""https://www.ikea.com/in/en/images/products/knalla-umbrella-black__0934105_pe792338_s5.jpg"", ""Link"")",,,,,,,,,,,male
C126,rainy,trip,fair,"=HYPERLINK(""https://wearthree.com/cdn/shop/products/fringe-applique-shirt-white-704671.jpg?v=1752648538&width=1024"", ""Link"")",https://encrypted-tbn0.gstatic.com/images?q=tbn:ANd9GcQNxqkHGGyiO48zvx6mCjDX6XIcpL_2w8UUdgWgseB-gJ9IqszTPBUXp1UhYOL_u3-6jTE&usqp=CAU,"=HYPERLINK(""https://www.jiomart.com/images/product/original/rvuj7odols/keneye-breathable-comfortable-outdoor-waterproff-rainy-season-black-clog-for-men-s-product-images-rvuj7odols-5-202311041818.jpg?im=Resize=(500,630)"", ""Link"")","=HYPERLINK(""https://img.freepik.com/free-vector/realistic-blue-umbrella_1284-11412.jpg?semt=ais_hybrid&w=740&q=80"", ""Link"")",,,,,,,,,,,male
